experiment,time,nuclease,defect,well,bf,gfp,initial_cells
CGG-Cpf1,0,Cpf1,CGG,52.0,1.0,0.0,1.0
CGG-Cpf1,20,Cpf1,CGG,52.0,1.0,0.0,1.0
CGG-Cpf1,40,Cpf1,CGG,52.0,1.0,0.0,1.0
CGG-Cpf1,60,Cpf1,CGG,52.0,1.0,0.0,1.0
CGG-Cpf1,80,Cpf1,CGG,52.0,1.019047619047619,0.0,1.0
CGG-Cpf1,100,Cpf1,CGG,52.0,1.0095238095238095,0.0,1.0
CGG-Cpf1,120,Cpf1,CGG,52.0,1.0095238095238095,0.0,1.0
CGG-Cpf1,140,Cpf1,CGG,52.0,1.019047619047619,0.0,1.0
CGG-Cpf1,160,Cpf1,CGG,52.0,1.0380952380952382,0.0,1.0
CGG-Cpf1,180,Cpf1,CGG,52.0,1.0761904761904761,0.0,1.0
CGG-Cpf1,200,Cpf1,CGG,52.0,1.0857142857142856,0.0,1.0
CGG-Cpf1,220,Cpf1,CGG,52.0,1.0857142857142856,0.0,1.0
CGG-Cpf1,240,Cpf1,CGG,52.0,1.1238095238095238,0.0,1.0
CGG-Cpf1,260,Cpf1,CGG,52.0,1.1428571428571428,0.0,1.0
CGG-Cpf1,280,Cpf1,CGG,52.0,1.180952380952381,0.0,1.0
CGG-Cpf1,300,Cpf1,CGG,52.0,1.2380952380952381,0.0,1.0
CGG-Cpf1,320,Cpf1,CGG,52.0,1.276190476190476,0.0,1.0
CGG-Cpf1,340,Cpf1,CGG,52.0,1.3047619047619048,0.0,1.0
CGG-Cpf1,360,Cpf1,CGG,52.0,1.3904761904761904,0.0,1.0
CGG-Cpf1,380,Cpf1,CGG,52.0,1.4476190476190476,0.0,1.0
CGG-Cpf1,400,Cpf1,CGG,52.0,1.5047619047619047,0.0,1.0
CGG-Cpf1,420,Cpf1,CGG,52.0,1.5714285714285714,0.0,1.0
CGG-Cpf1,440,Cpf1,CGG,52.0,1.7047619047619047,0.0,1.0
CGG-Cpf1,460,Cpf1,CGG,52.0,1.8095238095238095,0.0,1.0
CGG-Cpf1,480,Cpf1,CGG,52.0,1.838095238095238,0.0,1.0
CGG-Cpf1,500,Cpf1,CGG,52.0,1.9619047619047618,0.0,1.0
CGG-Cpf1,520,Cpf1,CGG,52.0,2.057142857142857,0.0,1.0
CGG-Cpf1,540,Cpf1,CGG,52.0,2.219047619047619,0.0,1.0
CGG-Cpf1,560,Cpf1,CGG,52.0,2.361904761904762,0.0,1.0
CGG-Cpf1,580,Cpf1,CGG,52.0,2.447619047619048,0.0,1.0
CGG-Cpf1,600,Cpf1,CGG,52.0,2.676190476190476,0.0,1.0
CGG-Cpf1,620,Cpf1,CGG,52.0,2.761904761904762,0.0,1.0
CGG-Cpf1,640,Cpf1,CGG,52.0,2.9047619047619047,0.0,1.0
CGG-Cpf1,660,Cpf1,CGG,52.0,3.1333333333333333,0.0,1.0
CGG-Cpf1,680,Cpf1,CGG,52.0,3.3714285714285714,0.0,1.0
CGG-Cpf1,700,Cpf1,CGG,52.0,3.552380952380952,0.0,1.0
CGG-Cpf1,720,Cpf1,CGG,52.0,3.8190476190476192,0.0,1.0
CGG-Cpf1,740,Cpf1,CGG,52.0,4.038095238095238,0.0,1.0
CGG-Cpf1,760,Cpf1,CGG,52.0,4.3428571428571425,0.0,1.0
CGG-Cpf1,780,Cpf1,CGG,52.0,4.485714285714286,0.0,1.0
CGG-Cpf1,800,Cpf1,CGG,52.0,4.8,0.0,1.0
CGG-Cpf1,820,Cpf1,CGG,52.0,5.152380952380953,0.0,1.0
CGG-Cpf1,840,Cpf1,CGG,52.0,5.6,0.0,1.0
CGG-Cpf1,860,Cpf1,CGG,52.0,5.933333333333334,0.0,1.0
CGG-Cpf1,880,Cpf1,CGG,52.0,6.238095238095238,0.0,1.0
CGG-Cpf1,900,Cpf1,CGG,52.0,6.695238095238095,0.0,1.0
CGG-Cpf1,920,Cpf1,CGG,52.0,7.0095238095238095,0.0,1.0
CGG-Cpf1,940,Cpf1,CGG,52.0,7.457142857142857,0.0,1.0
CGG-Cpf1,960,Cpf1,CGG,52.0,8.00952380952381,0.0,1.0
CGG-Cpf1,980,Cpf1,CGG,52.0,8.60952380952381,0.0,1.0
CGG-Cpf1,1000,Cpf1,CGG,52.0,9.19047619047619,0.0,1.0
CGG-Cpf1,1020,Cpf1,CGG,52.0,9.961904761904762,0.0,1.0
CGG-Cpf1,1040,Cpf1,CGG,52.0,10.628571428571428,0.0,1.0
CGG-Cpf1,1060,Cpf1,CGG,52.0,11.742857142857142,0.0,1.0
CGG-Cpf1,1080,Cpf1,CGG,52.0,12.552380952380952,0.0,1.0
CGG-Cpf1,1100,Cpf1,CGG,52.0,13.533333333333333,0.0,1.0
CGG-Cpf1,1120,Cpf1,CGG,52.0,14.4,0.0,1.0
CGG-Cpf1,1140,Cpf1,CGG,52.0,15.428571428571429,0.0,1.0
CGG-Cpf1,1160,Cpf1,CGG,52.0,16.63809523809524,0.0,1.0
CGG-Cpf1,1180,Cpf1,CGG,52.0,17.8,0.0,1.0
CGG-Cpf1,1200,Cpf1,CGG,52.0,19.104761904761904,0.0,1.0
CGG-Cpf1,1220,Cpf1,CGG,52.0,20.257142857142856,0.0,1.0
CGG-Cpf1,1240,Cpf1,CGG,52.0,21.276190476190475,0.0,1.0
CGG-Cpf1,1260,Cpf1,CGG,52.0,22.504761904761907,0.0,1.0
CGG-Cpf1,1280,Cpf1,CGG,52.0,23.961904761904762,0.0,1.0
CGG-Cpf1,1300,Cpf1,CGG,52.0,26.02857142857143,0.0,1.0
CGG-Cpf1,1320,Cpf1,CGG,52.0,27.61904761904762,0.0,1.0
CGG-Cpf1,1340,Cpf1,CGG,52.0,29.419047619047618,0.0,1.0
CGG-Cpf1,1360,Cpf1,CGG,52.0,31.34285714285714,0.0,1.0
CGG-Cpf1,1380,Cpf1,CGG,52.0,33.27619047619048,0.0,1.0
CGG-Cpf1,1400,Cpf1,CGG,52.0,35.00952380952381,0.0,1.0
CGG-Cpf1,1420,Cpf1,CGG,52.0,37.34285714285714,0.009523809523809525,1.0
CGG-Cpf1,1440,Cpf1,CGG,52.0,39.27619047619048,0.009523809523809525,1.0
CGG-SpCas9,0,SpCas9,CGG,31.5,1.0,0.03125,1.0
CGG-SpCas9,20,SpCas9,CGG,31.5,1.015625,0.03125,1.0
CGG-SpCas9,40,SpCas9,CGG,31.5,1.03125,0.03125,1.0
CGG-SpCas9,60,SpCas9,CGG,31.5,1.03125,0.03125,1.0
CGG-SpCas9,80,SpCas9,CGG,31.5,1.0625,0.03125,1.0
CGG-SpCas9,100,SpCas9,CGG,31.5,1.078125,0.046875,1.0
CGG-SpCas9,120,SpCas9,CGG,31.5,1.078125,0.046875,1.0
CGG-SpCas9,140,SpCas9,CGG,31.5,1.125,0.046875,1.0
CGG-SpCas9,160,SpCas9,CGG,31.5,1.109375,0.046875,1.0
CGG-SpCas9,180,SpCas9,CGG,31.5,1.15625,0.046875,1.0
CGG-SpCas9,200,SpCas9,CGG,31.5,1.1875,0.078125,1.0
CGG-SpCas9,220,SpCas9,CGG,31.5,1.203125,0.109375,1.0
CGG-SpCas9,240,SpCas9,CGG,31.5,1.328125,0.125,1.0
CGG-SpCas9,260,SpCas9,CGG,31.5,1.421875,0.125,1.0
CGG-SpCas9,280,SpCas9,CGG,31.5,1.53125,0.125,1.0
CGG-SpCas9,300,SpCas9,CGG,31.5,1.671875,0.171875,1.0
CGG-SpCas9,320,SpCas9,CGG,31.5,1.765625,0.1875,1.0
CGG-SpCas9,340,SpCas9,CGG,31.5,1.890625,0.21875,1.0
CGG-SpCas9,360,SpCas9,CGG,31.5,2.0,0.25,1.0
CGG-SpCas9,380,SpCas9,CGG,31.5,2.125,0.28125,1.0
CGG-SpCas9,400,SpCas9,CGG,31.5,2.28125,0.390625,1.0
CGG-SpCas9,420,SpCas9,CGG,31.5,2.359375,0.40625,1.0
CGG-SpCas9,440,SpCas9,CGG,31.5,2.53125,0.46875,1.0
CGG-SpCas9,460,SpCas9,CGG,31.5,2.703125,0.53125,1.0
CGG-SpCas9,480,SpCas9,CGG,31.5,2.84375,0.6875,1.0
CGG-SpCas9,500,SpCas9,CGG,31.5,3.25,0.78125,1.0
CGG-SpCas9,520,SpCas9,CGG,31.5,3.484375,0.859375,1.0
CGG-SpCas9,540,SpCas9,CGG,31.5,3.625,1.015625,1.0
CGG-SpCas9,560,SpCas9,CGG,31.5,3.96875,1.171875,1.0
CGG-SpCas9,580,SpCas9,CGG,31.5,4.234375,1.296875,1.0
CGG-SpCas9,600,SpCas9,CGG,31.5,4.6875,1.59375,1.0
CGG-SpCas9,620,SpCas9,CGG,31.5,5.03125,1.828125,1.0
CGG-SpCas9,640,SpCas9,CGG,31.5,5.453125,2.0625,1.0
CGG-SpCas9,660,SpCas9,CGG,31.5,5.875,2.28125,1.0
CGG-SpCas9,680,SpCas9,CGG,31.5,6.3125,2.453125,1.0
CGG-SpCas9,700,SpCas9,CGG,31.5,6.796875,2.859375,1.0
CGG-SpCas9,720,SpCas9,CGG,31.5,7.4375,3.171875,1.0
CGG-SpCas9,740,SpCas9,CGG,31.5,8.234375,3.59375,1.0
CGG-SpCas9,760,SpCas9,CGG,31.5,8.78125,4.046875,1.0
CGG-SpCas9,780,SpCas9,CGG,31.5,9.28125,4.375,1.0
CGG-SpCas9,800,SpCas9,CGG,31.5,10.21875,4.96875,1.0
CGG-SpCas9,820,SpCas9,CGG,31.5,11.03125,5.71875,1.0
CGG-SpCas9,840,SpCas9,CGG,31.5,11.828125,6.34375,1.0
CGG-SpCas9,860,SpCas9,CGG,31.5,12.875,7.28125,1.0
CGG-SpCas9,880,SpCas9,CGG,31.5,14.109375,8.203125,1.0
CGG-SpCas9,900,SpCas9,CGG,31.5,15.078125,9.03125,1.0
CGG-SpCas9,920,SpCas9,CGG,31.5,16.3125,9.859375,1.0
CGG-SpCas9,940,SpCas9,CGG,31.5,17.6875,11.34375,1.0
CGG-SpCas9,960,SpCas9,CGG,31.5,19.09375,11.71875,1.0
CGG-SpCas9,980,SpCas9,CGG,31.5,20.46875,13.375,1.0
CGG-SpCas9,1000,SpCas9,CGG,31.5,22.453125,14.8125,1.0
CGG-SpCas9,1020,SpCas9,CGG,31.5,23.765625,16.171875,1.0
CGG-SpCas9,1040,SpCas9,CGG,31.5,25.25,17.328125,1.0
CGG-SpCas9,1060,SpCas9,CGG,31.5,27.25,18.96875,1.0
CGG-SpCas9,1080,SpCas9,CGG,31.5,29.03125,20.875,1.0
CGG-SpCas9,1100,SpCas9,CGG,31.5,31.0625,23.328125,1.0
CGG-SpCas9,1120,SpCas9,CGG,31.5,33.203125,25.328125,1.0
CGG-SpCas9,1140,SpCas9,CGG,31.5,35.328125,26.984375,1.0
CGG-SpCas9,1160,SpCas9,CGG,31.5,38.015625,29.296875,1.0
CGG-SpCas9,1180,SpCas9,CGG,31.5,40.28125,31.546875,1.0
CGG-SpCas9,1200,SpCas9,CGG,31.5,42.5,33.71875,1.0
CGG-SpCas9,1220,SpCas9,CGG,31.5,43.875,35.28125,1.0
CGG-SpCas9,1240,SpCas9,CGG,31.5,46.953125,38.140625,1.0
CGG-SpCas9,1260,SpCas9,CGG,31.5,49.265625,40.9375,1.0
CGG-SpCas9,1280,SpCas9,CGG,31.5,51.78125,43.828125,1.0
CGG-SpCas9,1300,SpCas9,CGG,31.5,55.4375,47.671875,1.0
CGG-SpCas9,1320,SpCas9,CGG,31.5,59.03125,50.921875,1.0
CGG-SpCas9,1340,SpCas9,CGG,31.5,61.75,53.109375,1.0
CGG-SpCas9,1360,SpCas9,CGG,31.5,65.0,56.5625,1.0
CGG-SpCas9,1380,SpCas9,CGG,31.5,68.515625,60.015625,1.0
CGG-SpCas9,1400,SpCas9,CGG,31.5,72.109375,63.125,1.0
CGG-SpCas9,1420,SpCas9,CGG,31.5,75.390625,66.5625,1.0
CGG-SpCas9,1440,SpCas9,CGG,31.5,79.515625,70.65625,1.0
CTG-Cpf1,0,Cpf1,CTG,78.0,1.0,0.0,1.0
CTG-Cpf1,20,Cpf1,CTG,78.0,1.0,0.0,1.0
CTG-Cpf1,40,Cpf1,CTG,78.0,1.0127388535031847,0.0,1.0
CTG-Cpf1,60,Cpf1,CTG,78.0,1.0254777070063694,0.0,1.0
CTG-Cpf1,80,Cpf1,CTG,78.0,1.0445859872611465,0.0,1.0
CTG-Cpf1,100,Cpf1,CTG,78.0,1.089171974522293,0.0,1.0
CTG-Cpf1,120,Cpf1,CTG,78.0,1.1019108280254777,0.0,1.0
CTG-Cpf1,140,Cpf1,CTG,78.0,1.1592356687898089,0.0,1.0
CTG-Cpf1,160,Cpf1,CTG,78.0,1.1847133757961783,0.0,1.0
CTG-Cpf1,180,Cpf1,CTG,78.0,1.2229299363057324,0.0,1.0
CTG-Cpf1,200,Cpf1,CTG,78.0,1.2802547770700636,0.0,1.0
CTG-Cpf1,220,Cpf1,CTG,78.0,1.3375796178343948,0.0,1.0
CTG-Cpf1,240,Cpf1,CTG,78.0,1.4012738853503184,0.0,1.0
CTG-Cpf1,260,Cpf1,CTG,78.0,1.5031847133757963,0.0,1.0
CTG-Cpf1,280,Cpf1,CTG,78.0,1.5605095541401275,0.0,1.0
CTG-Cpf1,300,Cpf1,CTG,78.0,1.6496815286624205,0.0,1.0
CTG-Cpf1,320,Cpf1,CTG,78.0,1.7770700636942676,0.0,1.0
CTG-Cpf1,340,Cpf1,CTG,78.0,1.8789808917197452,0.0,1.0
CTG-Cpf1,360,Cpf1,CTG,78.0,2.0191082802547773,0.0,1.0
CTG-Cpf1,380,Cpf1,CTG,78.0,2.1019108280254777,0.0,1.0
CTG-Cpf1,400,Cpf1,CTG,78.0,2.2038216560509554,0.0,1.0
CTG-Cpf1,420,Cpf1,CTG,78.0,2.3821656050955413,0.0,1.0
CTG-Cpf1,440,Cpf1,CTG,78.0,2.5477707006369426,0.0,1.0
CTG-Cpf1,460,Cpf1,CTG,78.0,2.6815286624203822,0.0,1.0
CTG-Cpf1,480,Cpf1,CTG,78.0,2.9363057324840764,0.006369426751592357,1.0
CTG-Cpf1,500,Cpf1,CTG,78.0,3.1082802547770703,0.006369426751592357,1.0
CTG-Cpf1,520,Cpf1,CTG,78.0,3.305732484076433,0.006369426751592357,1.0
CTG-Cpf1,540,Cpf1,CTG,78.0,3.515923566878981,0.006369426751592357,1.0
CTG-Cpf1,560,Cpf1,CTG,78.0,3.828025477707006,0.012738853503184714,1.0
CTG-Cpf1,580,Cpf1,CTG,78.0,4.165605095541402,0.01910828025477707,1.0
CTG-Cpf1,600,Cpf1,CTG,78.0,4.503184713375796,0.01910828025477707,1.0
CTG-Cpf1,620,Cpf1,CTG,78.0,4.777070063694268,0.01910828025477707,1.0
CTG-Cpf1,640,Cpf1,CTG,78.0,5.191082802547771,0.03184713375796178,1.0
CTG-Cpf1,660,Cpf1,CTG,78.0,5.560509554140127,0.03184713375796178,1.0
CTG-Cpf1,680,Cpf1,CTG,78.0,5.929936305732484,0.03184713375796178,1.0
CTG-Cpf1,700,Cpf1,CTG,78.0,6.369426751592357,0.03184713375796178,1.0
CTG-Cpf1,720,Cpf1,CTG,78.0,6.86624203821656,0.050955414012738856,1.0
CTG-Cpf1,740,Cpf1,CTG,78.0,7.280254777070064,0.05732484076433121,1.0
CTG-Cpf1,760,Cpf1,CTG,78.0,7.968152866242038,0.07643312101910828,1.0
CTG-Cpf1,780,Cpf1,CTG,78.0,8.528662420382165,0.09554140127388536,1.0
CTG-Cpf1,800,Cpf1,CTG,78.0,9.445859872611464,0.10191082802547771,1.0
CTG-Cpf1,820,Cpf1,CTG,78.0,10.210191082802547,0.1464968152866242,1.0
CTG-Cpf1,840,Cpf1,CTG,78.0,10.885350318471337,0.1592356687898089,1.0
CTG-Cpf1,860,Cpf1,CTG,78.0,11.80891719745223,0.18471337579617833,1.0
CTG-Cpf1,880,Cpf1,CTG,78.0,12.726114649681529,0.22929936305732485,1.0
CTG-Cpf1,900,Cpf1,CTG,78.0,13.662420382165605,0.27388535031847133,1.0
CTG-Cpf1,920,Cpf1,CTG,78.0,14.802547770700636,0.29936305732484075,1.0
CTG-Cpf1,940,Cpf1,CTG,78.0,15.968152866242038,0.35668789808917195,1.0
CTG-Cpf1,960,Cpf1,CTG,78.0,17.26751592356688,0.4394904458598726,1.0
CTG-Cpf1,980,Cpf1,CTG,78.0,18.73248407643312,0.5286624203821656,1.0
CTG-Cpf1,1000,Cpf1,CTG,78.0,20.43312101910828,0.5796178343949044,1.0
CTG-Cpf1,1020,Cpf1,CTG,78.0,22.11464968152866,0.6305732484076433,1.0
CTG-Cpf1,1040,Cpf1,CTG,78.0,24.127388535031848,0.7515923566878981,1.0
CTG-Cpf1,1060,Cpf1,CTG,78.0,26.03184713375796,0.9363057324840764,1.0
CTG-Cpf1,1080,Cpf1,CTG,78.0,27.853503184713375,1.0063694267515924,1.0
CTG-Cpf1,1100,Cpf1,CTG,78.0,30.191082802547772,1.267515923566879,1.0
CTG-Cpf1,1120,Cpf1,CTG,78.0,32.961783439490446,1.4585987261146496,1.0
CTG-Cpf1,1140,Cpf1,CTG,78.0,35.6687898089172,1.7261146496815287,1.0
CTG-Cpf1,1160,Cpf1,CTG,78.0,38.503184713375795,2.0764331210191083,1.0
CTG-Cpf1,1180,Cpf1,CTG,78.0,41.59872611464968,2.356687898089172,1.0
CTG-Cpf1,1200,Cpf1,CTG,78.0,44.63694267515923,2.6178343949044587,1.0
CTG-Cpf1,1220,Cpf1,CTG,78.0,48.388535031847134,3.0191082802547773,1.0
CTG-Cpf1,1240,Cpf1,CTG,78.0,52.554140127388536,3.4522292993630574,1.0
CTG-Cpf1,1260,Cpf1,CTG,78.0,56.32484076433121,3.961783439490446,1.0
CTG-Cpf1,1280,Cpf1,CTG,78.0,60.87261146496815,4.6369426751592355,1.0
CTG-Cpf1,1300,Cpf1,CTG,78.0,65.4267515923567,5.159235668789809,1.0
CTG-Cpf1,1320,Cpf1,CTG,78.0,70.19108280254777,5.955414012738854,1.0
CTG-Cpf1,1340,Cpf1,CTG,78.0,75.828025477707,6.751592356687898,1.0
CTG-Cpf1,1360,Cpf1,CTG,78.0,81.86624203821655,7.738853503184713,1.0
CTG-Cpf1,1380,Cpf1,CTG,78.0,87.62420382165605,8.878980891719745,1.0
CTG-Cpf1,1400,Cpf1,CTG,78.0,93.90445859872611,10.611464968152866,1.0
CTG-Cpf1,1420,Cpf1,CTG,78.0,100.10828025477707,11.624203821656051,1.0
CTG-Cpf1,1440,Cpf1,CTG,78.0,107.47770700636943,13.127388535031848,1.0
CTG-SpCas9-comb,0,SpCas9,CTG,49.92857142857143,1.0,0.0,1.0
CTG-SpCas9-comb,20,SpCas9,CTG,49.92857142857143,1.0,0.0,1.0
CTG-SpCas9-comb,40,SpCas9,CTG,49.92857142857143,1.0,0.0,1.0
CTG-SpCas9-comb,60,SpCas9,CTG,49.92857142857143,1.0,0.0,1.0
CTG-SpCas9-comb,80,SpCas9,CTG,49.92857142857143,1.0119047619047619,0.0,1.0
CTG-SpCas9-comb,100,SpCas9,CTG,49.92857142857143,1.0238095238095237,0.0,1.0
CTG-SpCas9-comb,120,SpCas9,CTG,49.92857142857143,1.0595238095238095,0.0,1.0
CTG-SpCas9-comb,140,SpCas9,CTG,49.92857142857143,1.119047619047619,0.0,1.0
CTG-SpCas9-comb,160,SpCas9,CTG,49.92857142857143,1.1547619047619047,0.0,1.0
CTG-SpCas9-comb,180,SpCas9,CTG,49.92857142857143,1.1904761904761905,0.0,1.0
CTG-SpCas9-comb,200,SpCas9,CTG,49.92857142857143,1.25,0.0,1.0
CTG-SpCas9-comb,220,SpCas9,CTG,49.92857142857143,1.3333333333333333,0.0,1.0
CTG-SpCas9-comb,240,SpCas9,CTG,49.92857142857143,1.380952380952381,0.0,1.0
CTG-SpCas9-comb,260,SpCas9,CTG,49.92857142857143,1.4523809523809523,0.011904761904761904,1.0
CTG-SpCas9-comb,280,SpCas9,CTG,49.92857142857143,1.5476190476190477,0.023809523809523808,1.0
CTG-SpCas9-comb,300,SpCas9,CTG,49.92857142857143,1.630952380952381,0.023809523809523808,1.0
CTG-SpCas9-comb,320,SpCas9,CTG,49.92857142857143,1.6904761904761905,0.03571428571428571,1.0
CTG-SpCas9-comb,340,SpCas9,CTG,49.92857142857143,1.8452380952380953,0.047619047619047616,1.0
CTG-SpCas9-comb,360,SpCas9,CTG,49.92857142857143,1.9404761904761905,0.07142857142857142,1.0
CTG-SpCas9-comb,380,SpCas9,CTG,49.92857142857143,2.0357142857142856,0.08333333333333333,1.0
CTG-SpCas9-comb,400,SpCas9,CTG,49.92857142857143,2.2023809523809526,0.09523809523809523,1.0
CTG-SpCas9-comb,420,SpCas9,CTG,49.92857142857143,2.2976190476190474,0.14285714285714285,1.0
CTG-SpCas9-comb,440,SpCas9,CTG,49.92857142857143,2.369047619047619,0.17857142857142858,1.0
CTG-SpCas9-comb,460,SpCas9,CTG,49.92857142857143,2.4404761904761907,0.21428571428571427,1.0
CTG-SpCas9-comb,480,SpCas9,CTG,49.92857142857143,2.5357142857142856,0.2619047619047619,1.0
CTG-SpCas9-comb,500,SpCas9,CTG,49.92857142857143,2.6785714285714284,0.3333333333333333,1.0
CTG-SpCas9-comb,520,SpCas9,CTG,49.92857142857143,2.857142857142857,0.40476190476190477,1.0
CTG-SpCas9-comb,540,SpCas9,CTG,49.92857142857143,3.0,0.5357142857142857,1.0
CTG-SpCas9-comb,560,SpCas9,CTG,49.92857142857143,3.2023809523809526,0.6666666666666666,1.0
CTG-SpCas9-comb,580,SpCas9,CTG,49.92857142857143,3.4761904761904763,0.7857142857142857,1.0
CTG-SpCas9-comb,600,SpCas9,CTG,49.92857142857143,3.607142857142857,0.8928571428571429,1.0
CTG-SpCas9-comb,620,SpCas9,CTG,49.92857142857143,3.7857142857142856,0.9880952380952381,1.0
CTG-SpCas9-comb,640,SpCas9,CTG,49.92857142857143,3.9761904761904763,1.0714285714285714,1.0
CTG-SpCas9-comb,660,SpCas9,CTG,49.92857142857143,4.190476190476191,1.1666666666666667,1.0
CTG-SpCas9-comb,680,SpCas9,CTG,49.92857142857143,4.404761904761905,1.3095238095238095,1.0
CTG-SpCas9-comb,700,SpCas9,CTG,49.92857142857143,4.595238095238095,1.4642857142857142,1.0
CTG-SpCas9-comb,720,SpCas9,CTG,49.92857142857143,4.892857142857143,1.619047619047619,1.0
CTG-SpCas9-comb,740,SpCas9,CTG,49.92857142857143,5.238095238095238,1.8095238095238095,1.0
CTG-SpCas9-comb,760,SpCas9,CTG,49.92857142857143,5.726190476190476,2.0357142857142856,1.0
CTG-SpCas9-comb,780,SpCas9,CTG,49.92857142857143,6.238095238095238,2.1904761904761907,1.0
CTG-SpCas9-comb,800,SpCas9,CTG,49.92857142857143,6.559523809523809,2.3333333333333335,1.0
CTG-SpCas9-comb,820,SpCas9,CTG,49.92857142857143,6.833333333333333,2.607142857142857,1.0
CTG-SpCas9-comb,840,SpCas9,CTG,49.92857142857143,7.226190476190476,2.7976190476190474,1.0
CTG-SpCas9-comb,860,SpCas9,CTG,49.92857142857143,7.690476190476191,3.119047619047619,1.0
CTG-SpCas9-comb,880,SpCas9,CTG,49.92857142857143,8.047619047619047,3.392857142857143,1.0
CTG-SpCas9-comb,900,SpCas9,CTG,49.92857142857143,8.630952380952381,3.607142857142857,1.0
CTG-SpCas9-comb,920,SpCas9,CTG,49.92857142857143,9.071428571428571,3.892857142857143,1.0
CTG-SpCas9-comb,940,SpCas9,CTG,49.92857142857143,9.428571428571429,4.035714285714286,1.0
CTG-SpCas9-comb,960,SpCas9,CTG,49.92857142857143,9.833333333333334,4.345238095238095,1.0
CTG-SpCas9-comb,980,SpCas9,CTG,49.92857142857143,10.095238095238095,4.488095238095238,1.0
CTG-SpCas9-comb,1000,SpCas9,CTG,49.92857142857143,10.535714285714286,4.678571428571429,1.0
CTG-SpCas9-comb,1020,SpCas9,CTG,49.92857142857143,11.0,4.904761904761905,1.0
CTG-SpCas9-comb,1040,SpCas9,CTG,49.92857142857143,11.416666666666666,5.166666666666667,1.0
CTG-SpCas9-comb,1060,SpCas9,CTG,49.92857142857143,11.80952380952381,5.404761904761905,1.0
CTG-SpCas9-comb,1080,SpCas9,CTG,49.92857142857143,12.476190476190476,5.714285714285714,1.0
CTG-SpCas9-comb,1100,SpCas9,CTG,49.92857142857143,13.0,6.011904761904762,1.0
CTG-SpCas9-comb,1120,SpCas9,CTG,49.92857142857143,13.571428571428571,6.214285714285714,1.0
CTG-SpCas9-comb,1140,SpCas9,CTG,49.92857142857143,14.119047619047619,6.583333333333333,1.0
CTG-SpCas9-comb,1160,SpCas9,CTG,49.92857142857143,14.714285714285714,6.976190476190476,1.0
CTG-SpCas9-comb,1180,SpCas9,CTG,49.92857142857143,15.25,7.2976190476190474,1.0
CTG-SpCas9-comb,1200,SpCas9,CTG,49.92857142857143,15.702380952380953,7.523809523809524,1.0
CTG-SpCas9-comb,1220,SpCas9,CTG,49.92857142857143,16.321428571428573,7.976190476190476,1.0
CTG-SpCas9-comb,1240,SpCas9,CTG,49.92857142857143,16.964285714285715,8.380952380952381,1.0
CTG-SpCas9-comb,1260,SpCas9,CTG,49.92857142857143,17.678571428571427,8.773809523809524,1.0
CTG-SpCas9-comb,1280,SpCas9,CTG,49.92857142857143,18.464285714285715,9.321428571428571,1.0
CTG-SpCas9-comb,1300,SpCas9,CTG,49.92857142857143,18.964285714285715,9.583333333333334,1.0
CTG-SpCas9-comb,1320,SpCas9,CTG,49.92857142857143,19.428571428571427,9.785714285714286,1.0
CTG-SpCas9-comb,1340,SpCas9,CTG,49.92857142857143,20.226190476190474,10.261904761904763,1.0
CTG-SpCas9-comb,1360,SpCas9,CTG,49.92857142857143,20.75,10.583333333333334,1.0
CTG-SpCas9-comb,1380,SpCas9,CTG,49.92857142857143,21.416666666666668,11.05952380952381,1.0
CTG-SpCas9-comb,1400,SpCas9,CTG,49.92857142857143,22.36904761904762,11.547619047619047,1.0
CTG-SpCas9-comb,1420,SpCas9,CTG,49.92857142857143,23.19047619047619,12.119047619047619,1.0
GAA - Cpf1,0, Cpf1,GAA ,33.5,1.0,0.0,1.0
GAA - Cpf1,20, Cpf1,GAA ,33.5,1.0,0.0,1.0
GAA - Cpf1,40, Cpf1,GAA ,33.5,1.0,0.0,1.0
GAA - Cpf1,60, Cpf1,GAA ,33.5,1.0,0.0,1.0
GAA - Cpf1,80, Cpf1,GAA ,33.5,1.0,0.0,1.0
GAA - Cpf1,100, Cpf1,GAA ,33.5,1.0,0.0,1.0
GAA - Cpf1,120, Cpf1,GAA ,33.5,1.0147058823529411,0.0,1.0
GAA - Cpf1,140, Cpf1,GAA ,33.5,1.0735294117647058,0.0,1.0
GAA - Cpf1,160, Cpf1,GAA ,33.5,1.088235294117647,0.0,1.0
GAA - Cpf1,180, Cpf1,GAA ,33.5,1.1029411764705883,0.0,1.0
GAA - Cpf1,200, Cpf1,GAA ,33.5,1.1029411764705883,0.0,1.0
GAA - Cpf1,220, Cpf1,GAA ,33.5,1.1323529411764706,0.0,1.0
GAA - Cpf1,240, Cpf1,GAA ,33.5,1.1764705882352942,0.0,1.0
GAA - Cpf1,260, Cpf1,GAA ,33.5,1.2058823529411764,0.0,1.0
GAA - Cpf1,280, Cpf1,GAA ,33.5,1.25,0.0,1.0
GAA - Cpf1,300, Cpf1,GAA ,33.5,1.3088235294117647,0.0,1.0
GAA - Cpf1,320, Cpf1,GAA ,33.5,1.338235294117647,0.029411764705882353,1.0
GAA - Cpf1,340, Cpf1,GAA ,33.5,1.4558823529411764,0.029411764705882353,1.0
GAA - Cpf1,360, Cpf1,GAA ,33.5,1.5588235294117647,0.04411764705882353,1.0
GAA - Cpf1,380, Cpf1,GAA ,33.5,1.6176470588235294,0.058823529411764705,1.0
GAA - Cpf1,400, Cpf1,GAA ,33.5,1.6764705882352942,0.058823529411764705,1.0
GAA - Cpf1,420, Cpf1,GAA ,33.5,1.75,0.07352941176470588,1.0
GAA - Cpf1,440, Cpf1,GAA ,33.5,1.8088235294117647,0.07352941176470588,1.0
GAA - Cpf1,460, Cpf1,GAA ,33.5,1.8529411764705883,0.08823529411764706,1.0
GAA - Cpf1,480, Cpf1,GAA ,33.5,1.9852941176470589,0.10294117647058823,1.0
GAA - Cpf1,500, Cpf1,GAA ,33.5,2.073529411764706,0.14705882352941177,1.0
GAA - Cpf1,520, Cpf1,GAA ,33.5,2.1911764705882355,0.14705882352941177,1.0
GAA - Cpf1,540, Cpf1,GAA ,33.5,2.3529411764705883,0.22058823529411764,1.0
GAA - Cpf1,560, Cpf1,GAA ,33.5,2.4705882352941178,0.23529411764705882,1.0
GAA - Cpf1,580, Cpf1,GAA ,33.5,2.5588235294117645,0.25,1.0
GAA - Cpf1,600, Cpf1,GAA ,33.5,2.7941176470588234,0.29411764705882354,1.0
GAA - Cpf1,620, Cpf1,GAA ,33.5,3.0,0.38235294117647056,1.0
GAA - Cpf1,640, Cpf1,GAA ,33.5,3.264705882352941,0.47058823529411764,1.0
GAA - Cpf1,660, Cpf1,GAA ,33.5,3.6029411764705883,0.5735294117647058,1.0
GAA - Cpf1,680, Cpf1,GAA ,33.5,3.7794117647058822,0.5735294117647058,1.0
GAA - Cpf1,700, Cpf1,GAA ,33.5,4.0,0.7205882352941176,1.0
GAA - Cpf1,720, Cpf1,GAA ,33.5,4.1911764705882355,0.8235294117647058,1.0
GAA - Cpf1,740, Cpf1,GAA ,33.5,4.573529411764706,1.0147058823529411,1.0
GAA - Cpf1,760, Cpf1,GAA ,33.5,4.779411764705882,1.1323529411764706,1.0
GAA - Cpf1,780, Cpf1,GAA ,33.5,5.205882352941177,1.3676470588235294,1.0
GAA - Cpf1,800, Cpf1,GAA ,33.5,5.617647058823529,1.5441176470588236,1.0
GAA - Cpf1,820, Cpf1,GAA ,33.5,6.088235294117647,1.8529411764705883,1.0
GAA - Cpf1,840, Cpf1,GAA ,33.5,6.5588235294117645,2.1176470588235294,1.0
GAA - Cpf1,860, Cpf1,GAA ,33.5,7.014705882352941,2.338235294117647,1.0
GAA - Cpf1,880, Cpf1,GAA ,33.5,7.455882352941177,2.4705882352941178,1.0
GAA - Cpf1,900, Cpf1,GAA ,33.5,8.205882352941176,2.7794117647058822,1.0
GAA - Cpf1,920, Cpf1,GAA ,33.5,9.044117647058824,3.3970588235294117,1.0
GAA - Cpf1,940, Cpf1,GAA ,33.5,9.617647058823529,3.7941176470588234,1.0
GAA - Cpf1,960, Cpf1,GAA ,33.5,10.294117647058824,4.367647058823529,1.0
GAA - Cpf1,980, Cpf1,GAA ,33.5,11.264705882352942,4.676470588235294,1.0
GAA - Cpf1,1000, Cpf1,GAA ,33.5,12.455882352941176,5.338235294117647,1.0
GAA - Cpf1,1020, Cpf1,GAA ,33.5,13.014705882352942,5.720588235294118,1.0
GAA - Cpf1,1040, Cpf1,GAA ,33.5,14.191176470588236,6.544117647058823,1.0
GAA - Cpf1,1060, Cpf1,GAA ,33.5,15.397058823529411,7.455882352941177,1.0
GAA - Cpf1,1080, Cpf1,GAA ,33.5,16.397058823529413,8.323529411764707,1.0
GAA - Cpf1,1100, Cpf1,GAA ,33.5,17.397058823529413,9.088235294117647,1.0
GAA - Cpf1,1120, Cpf1,GAA ,33.5,18.514705882352942,9.985294117647058,1.0
GAA - Cpf1,1140, Cpf1,GAA ,33.5,19.852941176470587,11.088235294117647,1.0
GAA - Cpf1,1160, Cpf1,GAA ,33.5,21.044117647058822,12.102941176470589,1.0
GAA - Cpf1,1180, Cpf1,GAA ,33.5,22.397058823529413,13.117647058823529,1.0
GAA - Cpf1,1200, Cpf1,GAA ,33.5,26.426470588235293,14.897058823529411,1.0
GAA - Cpf1,1220, Cpf1,GAA ,33.5,28.220588235294116,16.220588235294116,1.0
GAA - Cpf1,1240, Cpf1,GAA ,33.5,29.970588235294116,17.735294117647058,1.0
GAA - Cpf1,1260, Cpf1,GAA ,33.5,31.75,19.33823529411765,1.0
GAA - Cpf1,1280, Cpf1,GAA ,33.5,33.44117647058823,21.176470588235293,1.0
GAA - Cpf1,1300, Cpf1,GAA ,33.5,35.8235294117647,23.235294117647058,1.0
GAA - Cpf1,1320, Cpf1,GAA ,33.5,37.205882352941174,24.5,1.0
GAA - Cpf1,1340, Cpf1,GAA ,33.5,38.9264705882353,26.58823529411765,1.0
GAA - Cpf1,1360, Cpf1,GAA ,33.5,41.455882352941174,28.91176470588235,1.0
GAA - Cpf1,1380, Cpf1,GAA ,33.5,43.30882352941177,30.61764705882353,1.0
GAA - Cpf1,1400, Cpf1,GAA ,33.5,45.955882352941174,33.4264705882353,1.0
GAA - Cpf1,1420, Cpf1,GAA ,33.5,48.588235294117645,35.838235294117645,1.0
GAA - Cpf1,1440, Cpf1,GAA ,33.5,51.6764705882353,39.55882352941177,1.0
GAA-SpCas9-comb,0,SpCas9,GAA,57.81739130434783,1.0,0.0,1.0
GAA-SpCas9-comb,20,SpCas9,GAA,57.81739130434783,1.008695652173913,0.0,1.0
GAA-SpCas9-comb,40,SpCas9,GAA,57.81739130434783,1.0434782608695652,0.0,1.0
GAA-SpCas9-comb,60,SpCas9,GAA,57.81739130434783,1.0434782608695652,0.0,1.0
GAA-SpCas9-comb,80,SpCas9,GAA,57.81739130434783,1.0521739130434782,0.0,1.0
GAA-SpCas9-comb,100,SpCas9,GAA,57.81739130434783,1.0782608695652174,0.0,1.0
GAA-SpCas9-comb,120,SpCas9,GAA,57.81739130434783,1.0869565217391304,0.0,1.0
GAA-SpCas9-comb,140,SpCas9,GAA,57.81739130434783,1.1304347826086956,0.0,1.0
GAA-SpCas9-comb,160,SpCas9,GAA,57.81739130434783,1.1565217391304348,0.0,1.0
GAA-SpCas9-comb,180,SpCas9,GAA,57.81739130434783,1.208695652173913,0.0,1.0
GAA-SpCas9-comb,200,SpCas9,GAA,57.81739130434783,1.2434782608695651,0.0,1.0
GAA-SpCas9-comb,220,SpCas9,GAA,57.81739130434783,1.3217391304347825,0.008695652173913044,1.0
GAA-SpCas9-comb,240,SpCas9,GAA,57.81739130434783,1.373913043478261,0.008695652173913044,1.0
GAA-SpCas9-comb,260,SpCas9,GAA,57.81739130434783,1.4608695652173913,0.017391304347826087,1.0
GAA-SpCas9-comb,280,SpCas9,GAA,57.81739130434783,1.5913043478260869,0.02608695652173913,1.0
GAA-SpCas9-comb,300,SpCas9,GAA,57.81739130434783,1.6782608695652175,0.043478260869565216,1.0
GAA-SpCas9-comb,320,SpCas9,GAA,57.81739130434783,1.7739130434782608,0.06086956521739131,1.0
GAA-SpCas9-comb,340,SpCas9,GAA,57.81739130434783,1.8521739130434782,0.0782608695652174,1.0
GAA-SpCas9-comb,360,SpCas9,GAA,57.81739130434783,1.9565217391304348,0.09565217391304348,1.0
GAA-SpCas9-comb,380,SpCas9,GAA,57.81739130434783,2.0434782608695654,0.12173913043478261,1.0
GAA-SpCas9-comb,400,SpCas9,GAA,57.81739130434783,2.1565217391304348,0.1565217391304348,1.0
GAA-SpCas9-comb,420,SpCas9,GAA,57.81739130434783,2.2956521739130435,0.2,1.0
GAA-SpCas9-comb,440,SpCas9,GAA,57.81739130434783,2.4347826086956523,0.22608695652173913,1.0
GAA-SpCas9-comb,460,SpCas9,GAA,57.81739130434783,2.5478260869565217,0.2782608695652174,1.0
GAA-SpCas9-comb,480,SpCas9,GAA,57.81739130434783,2.6608695652173915,0.34782608695652173,1.0
GAA-SpCas9-comb,500,SpCas9,GAA,57.81739130434783,2.8260869565217392,0.3826086956521739,1.0
GAA-SpCas9-comb,520,SpCas9,GAA,57.81739130434783,2.9478260869565216,0.4608695652173913,1.0
GAA-SpCas9-comb,540,SpCas9,GAA,57.81739130434783,3.1826086956521737,0.5652173913043478,1.0
GAA-SpCas9-comb,560,SpCas9,GAA,57.81739130434783,3.3217391304347825,0.6782608695652174,1.0
GAA-SpCas9-comb,580,SpCas9,GAA,57.81739130434783,3.4695652173913043,0.7304347826086957,1.0
GAA-SpCas9-comb,600,SpCas9,GAA,57.81739130434783,3.6782608695652175,0.7652173913043478,1.0
GAA-SpCas9-comb,620,SpCas9,GAA,57.81739130434783,3.878260869565217,0.9304347826086956,1.0
GAA-SpCas9-comb,640,SpCas9,GAA,57.81739130434783,4.086956521739131,1.008695652173913,1.0
GAA-SpCas9-comb,660,SpCas9,GAA,57.81739130434783,4.269565217391304,1.1043478260869566,1.0
GAA-SpCas9-comb,680,SpCas9,GAA,57.81739130434783,4.51304347826087,1.2173913043478262,1.0
GAA-SpCas9-comb,700,SpCas9,GAA,57.81739130434783,4.765217391304348,1.3565217391304347,1.0
GAA-SpCas9-comb,720,SpCas9,GAA,57.81739130434783,5.052173913043478,1.4608695652173913,1.0
GAA-SpCas9-comb,740,SpCas9,GAA,57.81739130434783,5.2956521739130435,1.5565217391304347,1.0
GAA-SpCas9-comb,760,SpCas9,GAA,57.81739130434783,5.4,1.617391304347826,1.0
GAA-SpCas9-comb,780,SpCas9,GAA,57.81739130434783,5.695652173913044,1.6695652173913043,1.0
GAA-SpCas9-comb,800,SpCas9,GAA,57.81739130434783,5.939130434782609,1.8,1.0
GAA-SpCas9-comb,820,SpCas9,GAA,57.81739130434783,6.130434782608695,1.9043478260869566,1.0
GAA-SpCas9-comb,840,SpCas9,GAA,57.81739130434783,6.3130434782608695,1.9739130434782608,1.0
GAA-SpCas9-comb,860,SpCas9,GAA,57.81739130434783,6.643478260869565,2.0521739130434784,1.0
GAA-SpCas9-comb,880,SpCas9,GAA,57.81739130434783,6.826086956521739,2.139130434782609,1.0
GAA-SpCas9-comb,900,SpCas9,GAA,57.81739130434783,7.060869565217391,2.1913043478260867,1.0
GAA-SpCas9-comb,920,SpCas9,GAA,57.81739130434783,7.2956521739130435,2.365217391304348,1.0
GAA-SpCas9-comb,940,SpCas9,GAA,57.81739130434783,7.443478260869565,2.4434782608695653,1.0
GAA-SpCas9-comb,960,SpCas9,GAA,57.81739130434783,7.6,2.5130434782608697,1.0
GAA-SpCas9-comb,980,SpCas9,GAA,57.81739130434783,7.939130434782609,2.617391304347826,1.0
GAA-SpCas9-comb,1000,SpCas9,GAA,57.81739130434783,8.356521739130434,2.7217391304347824,1.0
GAA-SpCas9-comb,1020,SpCas9,GAA,57.81739130434783,8.556521739130435,2.9130434782608696,1.0
GAA-SpCas9-comb,1040,SpCas9,GAA,57.81739130434783,8.91304347826087,3.0,1.0
GAA-SpCas9-comb,1060,SpCas9,GAA,57.81739130434783,9.191304347826087,3.0869565217391304,1.0
GAA-SpCas9-comb,1080,SpCas9,GAA,57.81739130434783,9.504347826086956,3.252173913043478,1.0
GAA-SpCas9-comb,1100,SpCas9,GAA,57.81739130434783,9.843478260869565,3.4434782608695653,1.0
GAA-SpCas9-comb,1120,SpCas9,GAA,57.81739130434783,10.147826086956522,3.634782608695652,1.0
GAA-SpCas9-comb,1140,SpCas9,GAA,57.81739130434783,10.42608695652174,3.765217391304348,1.0
GAA-SpCas9-comb,1160,SpCas9,GAA,57.81739130434783,10.652173913043478,3.869565217391304,1.0
GAA-SpCas9-comb,1180,SpCas9,GAA,57.81739130434783,11.08695652173913,4.086956521739131,1.0
GAA-SpCas9-comb,1200,SpCas9,GAA,57.81739130434783,11.26086956521739,4.121739130434783,1.0
GAA-SpCas9-comb,1220,SpCas9,GAA,57.81739130434783,11.608695652173912,4.234782608695652,1.0
GAA-SpCas9-comb,1240,SpCas9,GAA,57.81739130434783,11.91304347826087,4.460869565217391,1.0
GAA-SpCas9-comb,1260,SpCas9,GAA,57.81739130434783,12.26086956521739,4.643478260869565,1.0
GAA-SpCas9-comb,1280,SpCas9,GAA,57.81739130434783,12.678260869565218,4.808695652173913,1.0
GAA-SpCas9-comb,1300,SpCas9,GAA,57.81739130434783,12.826086956521738,4.913043478260869,1.0
GAA-SpCas9-comb,1320,SpCas9,GAA,57.81739130434783,13.226086956521739,5.069565217391304,1.0
GAA-SpCas9-comb,1340,SpCas9,GAA,57.81739130434783,13.617391304347827,5.217391304347826,1.0
GAA-SpCas9-comb,1360,SpCas9,GAA,57.81739130434783,14.043478260869565,5.234782608695652,1.0
GAA-SpCas9-comb,1380,SpCas9,GAA,57.81739130434783,14.452173913043477,5.391304347826087,1.0
GAA-SpCas9-comb,1400,SpCas9,GAA,57.81739130434783,14.808695652173913,5.539130434782609,1.0
GAA-SpCas9-comb,1420,SpCas9,GAA,57.81739130434783,15.269565217391305,5.721739130434782,1.0
NR-Cpf1-comb,0,Cpf1,NR,68.11016949152543,1.0,0.07627118644067797,1.0
NR-Cpf1-comb,20,Cpf1,NR,68.11016949152543,1.0084745762711864,0.059322033898305086,1.0
NR-Cpf1-comb,40,Cpf1,NR,68.11016949152543,1.0169491525423728,0.059322033898305086,1.0
NR-Cpf1-comb,60,Cpf1,NR,68.11016949152543,1.0169491525423728,0.059322033898305086,1.0
NR-Cpf1-comb,80,Cpf1,NR,68.11016949152543,1.0169491525423728,0.059322033898305086,1.0
NR-Cpf1-comb,100,Cpf1,NR,68.11016949152543,1.0254237288135593,0.06779661016949153,1.0
NR-Cpf1-comb,120,Cpf1,NR,68.11016949152543,1.0423728813559323,0.06779661016949153,1.0
NR-Cpf1-comb,140,Cpf1,NR,68.11016949152543,1.076271186440678,0.07627118644067797,1.0
NR-Cpf1-comb,160,Cpf1,NR,68.11016949152543,1.0932203389830508,0.07627118644067797,1.0
NR-Cpf1-comb,180,Cpf1,NR,68.11016949152543,1.1779661016949152,0.07627118644067797,1.0
NR-Cpf1-comb,200,Cpf1,NR,68.11016949152543,1.2118644067796611,0.09322033898305085,1.0
NR-Cpf1-comb,220,Cpf1,NR,68.11016949152543,1.271186440677966,0.09322033898305085,1.0
NR-Cpf1-comb,240,Cpf1,NR,68.11016949152543,1.3898305084745763,0.09322033898305085,1.0
NR-Cpf1-comb,260,Cpf1,NR,68.11016949152543,1.4322033898305084,0.1016949152542373,1.0
NR-Cpf1-comb,280,Cpf1,NR,68.11016949152543,1.4915254237288136,0.11864406779661017,1.0
NR-Cpf1-comb,300,Cpf1,NR,68.11016949152543,1.61864406779661,0.13559322033898305,1.0
NR-Cpf1-comb,320,Cpf1,NR,68.11016949152543,1.7118644067796611,0.17796610169491525,1.0
NR-Cpf1-comb,340,Cpf1,NR,68.11016949152543,1.805084745762712,0.2288135593220339,1.0
NR-Cpf1-comb,360,Cpf1,NR,68.11016949152543,1.9322033898305084,0.2711864406779661,1.0
NR-Cpf1-comb,380,Cpf1,NR,68.11016949152543,2.0254237288135593,0.2966101694915254,1.0
NR-Cpf1-comb,400,Cpf1,NR,68.11016949152543,2.2033898305084745,0.3559322033898305,1.0
NR-Cpf1-comb,420,Cpf1,NR,68.11016949152543,2.389830508474576,0.4152542372881356,1.0
NR-Cpf1-comb,440,Cpf1,NR,68.11016949152543,2.5254237288135593,0.5,1.0
NR-Cpf1-comb,460,Cpf1,NR,68.11016949152543,2.7203389830508473,0.5677966101694916,1.0
NR-Cpf1-comb,480,Cpf1,NR,68.11016949152543,2.9152542372881354,0.6949152542372882,1.0
NR-Cpf1-comb,500,Cpf1,NR,68.11016949152543,3.016949152542373,0.788135593220339,1.0
NR-Cpf1-comb,520,Cpf1,NR,68.11016949152543,3.2796610169491527,0.923728813559322,1.0
NR-Cpf1-comb,540,Cpf1,NR,68.11016949152543,3.593220338983051,1.1440677966101696,1.0
NR-Cpf1-comb,560,Cpf1,NR,68.11016949152543,3.847457627118644,1.305084745762712,1.0
NR-Cpf1-comb,580,Cpf1,NR,68.11016949152543,4.228813559322034,1.5,1.0
NR-Cpf1-comb,600,Cpf1,NR,68.11016949152543,4.508474576271187,1.7542372881355932,1.0
NR-Cpf1-comb,620,Cpf1,NR,68.11016949152543,4.864406779661017,2.0508474576271185,1.0
NR-Cpf1-comb,640,Cpf1,NR,68.11016949152543,5.262711864406779,2.3389830508474576,1.0
NR-Cpf1-comb,660,Cpf1,NR,68.11016949152543,5.677966101694915,2.652542372881356,1.0
NR-Cpf1-comb,680,Cpf1,NR,68.11016949152543,6.11864406779661,3.016949152542373,1.0
NR-Cpf1-comb,700,Cpf1,NR,68.11016949152543,6.61864406779661,3.4152542372881354,1.0
NR-Cpf1-comb,720,Cpf1,NR,68.11016949152543,7.1525423728813555,3.7288135593220337,1.0
NR-Cpf1-comb,740,Cpf1,NR,68.11016949152543,7.940677966101695,4.211864406779661,1.0
NR-Cpf1-comb,760,Cpf1,NR,68.11016949152543,8.576271186440678,4.762711864406779,1.0
NR-Cpf1-comb,780,Cpf1,NR,68.11016949152543,9.186440677966102,5.322033898305085,1.0
NR-Cpf1-comb,800,Cpf1,NR,68.11016949152543,10.084745762711865,6.0,1.0
NR-Cpf1-comb,820,Cpf1,NR,68.11016949152543,10.76271186440678,6.6525423728813555,1.0
NR-Cpf1-comb,840,Cpf1,NR,68.11016949152543,11.635593220338983,7.466101694915254,1.0
NR-Cpf1-comb,860,Cpf1,NR,68.11016949152543,12.610169491525424,8.38135593220339,1.0
NR-Cpf1-comb,880,Cpf1,NR,68.11016949152543,13.661016949152541,9.271186440677965,1.0
NR-Cpf1-comb,900,Cpf1,NR,68.11016949152543,14.73728813559322,10.203389830508474,1.0
NR-Cpf1-comb,920,Cpf1,NR,68.11016949152543,15.584745762711865,10.932203389830509,1.0
NR-Cpf1-comb,940,Cpf1,NR,68.11016949152543,17.0,12.11864406779661,1.0
NR-Cpf1-comb,960,Cpf1,NR,68.11016949152543,18.533898305084747,13.491525423728813,1.0
NR-Cpf1-comb,980,Cpf1,NR,68.11016949152543,20.296610169491526,15.127118644067796,1.0
NR-Cpf1-comb,1000,Cpf1,NR,68.11016949152543,22.406779661016948,16.89830508474576,1.0
NR-Cpf1-comb,1020,Cpf1,NR,68.11016949152543,24.04237288135593,18.296610169491526,1.0
NR-Cpf1-comb,1040,Cpf1,NR,68.11016949152543,25.864406779661017,20.084745762711865,1.0
NR-Cpf1-comb,1060,Cpf1,NR,68.11016949152543,28.02542372881356,22.059322033898304,1.0
NR-Cpf1-comb,1080,Cpf1,NR,68.11016949152543,30.33050847457627,24.35593220338983,1.0
NR-Cpf1-comb,1100,Cpf1,NR,68.11016949152543,32.74576271186441,26.54237288135593,1.0
NR-Cpf1-comb,1120,Cpf1,NR,68.11016949152543,35.83050847457627,29.372881355932204,1.0
NR-Cpf1-comb,1140,Cpf1,NR,68.11016949152543,38.25423728813559,31.822033898305083,1.0
NR-Cpf1-comb,1160,Cpf1,NR,68.11016949152543,41.610169491525426,34.78813559322034,1.0
NR-Cpf1-comb,1180,Cpf1,NR,68.11016949152543,44.55084745762712,37.45762711864407,1.0
NR-Cpf1-comb,1200,Cpf1,NR,68.11016949152543,47.63559322033898,40.559322033898304,1.0
NR-Cpf1-comb,1220,Cpf1,NR,68.11016949152543,51.13559322033898,43.940677966101696,1.0
NR-Cpf1-comb,1240,Cpf1,NR,68.11016949152543,54.74576271186441,47.29661016949152,1.0
NR-Cpf1-comb,1260,Cpf1,NR,68.11016949152543,58.652542372881356,50.96610169491525,1.0
NR-Cpf1-comb,1280,Cpf1,NR,68.11016949152543,62.720338983050844,54.96610169491525,1.0
NR-Cpf1-comb,1300,Cpf1,NR,68.11016949152543,66.83050847457628,58.898305084745765,1.0
NR-Cpf1-comb,1320,Cpf1,NR,68.11016949152543,70.7542372881356,62.940677966101696,1.0
NR-Cpf1-comb,1340,Cpf1,NR,68.11016949152543,76.0,68.11864406779661,1.0
NR-Cpf1-comb,1360,Cpf1,NR,68.11016949152543,80.39830508474576,72.35593220338983,1.0
NR-Cpf1-comb,1380,Cpf1,NR,68.11016949152543,85.16949152542372,77.15254237288136,1.0
NR-Cpf1-comb,1400,Cpf1,NR,68.11016949152543,90.44067796610169,82.35593220338983,1.0
NR-Cpf1-comb,1420,Cpf1,NR,68.11016949152543,96.58474576271186,88.32203389830508,1.0
NR-Cpf1-comb,1440,Cpf1,NR,68.11016949152543,102.66949152542372,94.61864406779661,1.0
NR-SpCas9,0,SpCas9,NR,88.53370786516854,1.0,0.0,1.0
NR-SpCas9,20,SpCas9,NR,88.53370786516854,1.0,0.0,1.0
NR-SpCas9,40,SpCas9,NR,88.53370786516854,1.0112359550561798,0.0,1.0
NR-SpCas9,60,SpCas9,NR,88.53370786516854,1.0168539325842696,0.0,1.0
NR-SpCas9,80,SpCas9,NR,88.53370786516854,1.0337078651685394,0.0,1.0
NR-SpCas9,100,SpCas9,NR,88.53370786516854,1.0393258426966292,0.0,1.0
NR-SpCas9,120,SpCas9,NR,88.53370786516854,1.0393258426966292,0.0,1.0
NR-SpCas9,140,SpCas9,NR,88.53370786516854,1.050561797752809,0.0,1.0
NR-SpCas9,160,SpCas9,NR,88.53370786516854,1.101123595505618,0.0,1.0
NR-SpCas9,180,SpCas9,NR,88.53370786516854,1.1179775280898876,0.0,1.0
NR-SpCas9,200,SpCas9,NR,88.53370786516854,1.146067415730337,0.0,1.0
NR-SpCas9,220,SpCas9,NR,88.53370786516854,1.1797752808988764,0.0,1.0
NR-SpCas9,240,SpCas9,NR,88.53370786516854,1.2415730337078652,0.0,1.0
NR-SpCas9,260,SpCas9,NR,88.53370786516854,1.2865168539325842,0.0,1.0
NR-SpCas9,280,SpCas9,NR,88.53370786516854,1.3202247191011236,0.0056179775280898875,1.0
NR-SpCas9,300,SpCas9,NR,88.53370786516854,1.348314606741573,0.0056179775280898875,1.0
NR-SpCas9,320,SpCas9,NR,88.53370786516854,1.398876404494382,0.0056179775280898875,1.0
NR-SpCas9,340,SpCas9,NR,88.53370786516854,1.4887640449438202,0.0056179775280898875,1.0
NR-SpCas9,360,SpCas9,NR,88.53370786516854,1.5842696629213484,0.0056179775280898875,1.0
NR-SpCas9,380,SpCas9,NR,88.53370786516854,1.6629213483146068,0.0056179775280898875,1.0
NR-SpCas9,400,SpCas9,NR,88.53370786516854,1.7640449438202248,0.011235955056179775,1.0
NR-SpCas9,420,SpCas9,NR,88.53370786516854,1.8595505617977528,0.016853932584269662,1.0
NR-SpCas9,440,SpCas9,NR,88.53370786516854,1.9606741573033708,0.02247191011235955,1.0
NR-SpCas9,460,SpCas9,NR,88.53370786516854,2.0280898876404496,0.033707865168539325,1.0
NR-SpCas9,480,SpCas9,NR,88.53370786516854,2.1123595505617976,0.06179775280898876,1.0
NR-SpCas9,500,SpCas9,NR,88.53370786516854,2.241573033707865,0.09550561797752809,1.0
NR-SpCas9,520,SpCas9,NR,88.53370786516854,2.3820224719101124,0.12921348314606743,1.0
NR-SpCas9,540,SpCas9,NR,88.53370786516854,2.5168539325842696,0.21910112359550563,1.0
NR-SpCas9,560,SpCas9,NR,88.53370786516854,2.696629213483146,0.30337078651685395,1.0
NR-SpCas9,580,SpCas9,NR,88.53370786516854,2.966292134831461,0.38764044943820225,1.0
NR-SpCas9,600,SpCas9,NR,88.53370786516854,3.2191011235955056,0.46629213483146065,1.0
NR-SpCas9,620,SpCas9,NR,88.53370786516854,3.4101123595505616,0.5561797752808989,1.0
NR-SpCas9,640,SpCas9,NR,88.53370786516854,3.707865168539326,0.7134831460674157,1.0
NR-SpCas9,660,SpCas9,NR,88.53370786516854,3.99438202247191,0.8764044943820225,1.0
NR-SpCas9,680,SpCas9,NR,88.53370786516854,4.303370786516854,1.0168539325842696,1.0
NR-SpCas9,700,SpCas9,NR,88.53370786516854,4.49438202247191,1.1910112359550562,1.0
NR-SpCas9,720,SpCas9,NR,88.53370786516854,4.842696629213483,1.3876404494382022,1.0
NR-SpCas9,740,SpCas9,NR,88.53370786516854,5.146067415730337,1.595505617977528,1.0
NR-SpCas9,760,SpCas9,NR,88.53370786516854,5.584269662921348,1.797752808988764,1.0
NR-SpCas9,780,SpCas9,NR,88.53370786516854,6.106741573033708,2.1235955056179776,1.0
NR-SpCas9,800,SpCas9,NR,88.53370786516854,6.674157303370786,2.353932584269663,1.0
NR-SpCas9,820,SpCas9,NR,88.53370786516854,7.140449438202247,2.735955056179775,1.0
NR-SpCas9,840,SpCas9,NR,88.53370786516854,7.730337078651686,3.134831460674157,1.0
NR-SpCas9,860,SpCas9,NR,88.53370786516854,8.353932584269662,3.539325842696629,1.0
NR-SpCas9,880,SpCas9,NR,88.53370786516854,9.101123595505618,4.078651685393258,1.0
NR-SpCas9,900,SpCas9,NR,88.53370786516854,10.01123595505618,4.668539325842697,1.0
NR-SpCas9,920,SpCas9,NR,88.53370786516854,10.707865168539326,5.353932584269663,1.0
NR-SpCas9,940,SpCas9,NR,88.53370786516854,11.353932584269662,5.943820224719101,1.0
NR-SpCas9,960,SpCas9,NR,88.53370786516854,12.235955056179776,6.640449438202247,1.0
NR-SpCas9,980,SpCas9,NR,88.53370786516854,13.157303370786517,7.376404494382022,1.0
NR-SpCas9,1000,SpCas9,NR,88.53370786516854,14.089887640449438,8.185393258426966,1.0
NR-SpCas9,1020,SpCas9,NR,88.53370786516854,15.393258426966293,9.325842696629213,1.0
NR-SpCas9,1040,SpCas9,NR,88.53370786516854,16.719101123595507,10.286516853932584,1.0
NR-SpCas9,1060,SpCas9,NR,88.53370786516854,17.98314606741573,11.48314606741573,1.0
NR-SpCas9,1080,SpCas9,NR,88.53370786516854,19.348314606741575,12.640449438202246,1.0
NR-SpCas9,1100,SpCas9,NR,88.53370786516854,20.741573033707866,14.0,1.0
NR-SpCas9,1120,SpCas9,NR,88.53370786516854,22.337078651685392,15.47752808988764,1.0
NR-SpCas9,1140,SpCas9,NR,88.53370786516854,23.848314606741575,16.89887640449438,1.0
NR-SpCas9,1160,SpCas9,NR,88.53370786516854,25.668539325842698,18.410112359550563,1.0
NR-SpCas9,1180,SpCas9,NR,88.53370786516854,27.685393258426966,20.39887640449438,1.0
NR-SpCas9,1200,SpCas9,NR,88.53370786516854,29.56741573033708,22.05056179775281,1.0
NR-SpCas9,1220,SpCas9,NR,88.53370786516854,31.53370786516854,23.926966292134832,1.0
NR-SpCas9,1240,SpCas9,NR,88.53370786516854,33.92134831460674,26.03370786516854,1.0
NR-SpCas9,1260,SpCas9,NR,88.53370786516854,36.41011235955056,28.370786516853933,1.0
NR-SpCas9,1280,SpCas9,NR,88.53370786516854,39.21910112359551,30.848314606741575,1.0
NR-SpCas9,1300,SpCas9,NR,88.53370786516854,42.07303370786517,33.47752808988764,1.0
NR-SpCas9,1320,SpCas9,NR,88.53370786516854,44.37078651685393,36.056179775280896,1.0
NR-SpCas9,1340,SpCas9,NR,88.53370786516854,47.17977528089887,38.69101123595506,1.0
NR-SpCas9,1360,SpCas9,NR,88.53370786516854,49.938202247191015,41.52808988764045,1.0
NR-SpCas9,1380,SpCas9,NR,88.53370786516854,52.69101123595506,44.168539325842694,1.0
NR-SpCas9,1400,SpCas9,NR,88.53370786516854,56.29775280898876,47.848314606741575,1.0
NR-SpCas9,1420,SpCas9,NR,88.53370786516854,59.58426966292135,50.95505617977528,1.0
NR-SpCas9,1440,SpCas9,NR,88.53370786516854,63.10674157303371,54.42134831460674,1.0
NoGuideRNA,0,none,none,14.0,1.0,,1.0
NoGuideRNA,20,none,none,14.0,1.0,,1.0
NoGuideRNA,40,none,none,14.0,1.0,,1.0
NoGuideRNA,60,none,none,14.0,1.0,,1.0
NoGuideRNA,80,none,none,14.0,1.0,,1.0
NoGuideRNA,100,none,none,14.0,1.0,,1.0
NoGuideRNA,120,none,none,14.0,1.0344827586206897,,1.0
NoGuideRNA,140,none,none,14.0,1.0344827586206897,,1.0
NoGuideRNA,160,none,none,14.0,1.0344827586206897,,1.0
NoGuideRNA,180,none,none,14.0,1.0344827586206897,,1.0
NoGuideRNA,200,none,none,14.0,1.0344827586206897,,1.0
NoGuideRNA,220,none,none,14.0,1.0689655172413792,,1.0
NoGuideRNA,240,none,none,14.0,1.1379310344827587,,1.0
NoGuideRNA,260,none,none,14.0,1.206896551724138,,1.0
NoGuideRNA,280,none,none,14.0,1.3448275862068966,,1.0
NoGuideRNA,300,none,none,14.0,1.3793103448275863,,1.0
NoGuideRNA,320,none,none,14.0,1.4137931034482758,,1.0
NoGuideRNA,340,none,none,14.0,1.4827586206896552,,1.0
NoGuideRNA,360,none,none,14.0,1.5517241379310345,,1.0
NoGuideRNA,380,none,none,14.0,1.6551724137931034,,1.0
NoGuideRNA,400,none,none,14.0,1.793103448275862,,1.0
NoGuideRNA,420,none,none,14.0,1.896551724137931,,1.0
NoGuideRNA,440,none,none,14.0,2.0689655172413794,,1.0
NoGuideRNA,460,none,none,14.0,2.1724137931034484,,1.0
NoGuideRNA,480,none,none,14.0,2.3793103448275863,,1.0
NoGuideRNA,500,none,none,14.0,2.413793103448276,,1.0
NoGuideRNA,520,none,none,14.0,2.6206896551724137,,1.0
NoGuideRNA,540,none,none,14.0,2.8620689655172415,,1.0
NoGuideRNA,560,none,none,14.0,2.9310344827586206,,1.0
NoGuideRNA,580,none,none,14.0,3.3448275862068964,,1.0
NoGuideRNA,600,none,none,14.0,3.4482758620689653,,1.0
NoGuideRNA,620,none,none,14.0,3.896551724137931,,1.0
NoGuideRNA,640,none,none,14.0,4.379310344827586,,1.0
NoGuideRNA,660,none,none,14.0,5.137931034482759,,1.0
NoGuideRNA,680,none,none,14.0,5.758620689655173,,1.0
NoGuideRNA,700,none,none,14.0,6.379310344827586,,1.0
NoGuideRNA,720,none,none,14.0,7.172413793103448,,1.0
NoGuideRNA,740,none,none,14.0,7.827586206896552,,1.0
NoGuideRNA,760,none,none,14.0,8.448275862068966,,1.0
NoGuideRNA,780,none,none,14.0,9.310344827586206,,1.0
NoGuideRNA,800,none,none,14.0,10.068965517241379,,1.0
NoGuideRNA,820,none,none,14.0,11.068965517241379,,1.0
NoGuideRNA,840,none,none,14.0,12.689655172413794,,1.0
NoGuideRNA,860,none,none,14.0,14.172413793103448,,1.0
NoGuideRNA,880,none,none,14.0,15.448275862068966,,1.0
