experiment,time,bf,gfp,defect,nuclease
CGG_SpCas9,0,1.0,0.03125,CGG,SpCas9
CGG_SpCas9,20,1.015625,0.03125,CGG,SpCas9
CGG_SpCas9,40,1.03125,0.03125,CGG,SpCas9
CGG_SpCas9,60,1.03125,0.03125,CGG,SpCas9
CGG_SpCas9,80,1.0625,0.03125,CGG,SpCas9
CGG_SpCas9,100,1.078125,0.046875,CGG,SpCas9
CGG_SpCas9,120,1.078125,0.046875,CGG,SpCas9
CGG_SpCas9,140,1.125,0.046875,CGG,SpCas9
CGG_SpCas9,160,1.109375,0.046875,CGG,SpCas9
CGG_SpCas9,180,1.15625,0.046875,CGG,SpCas9
CGG_SpCas9,200,1.1875,0.078125,CGG,SpCas9
CGG_SpCas9,220,1.203125,0.109375,CGG,SpCas9
CGG_SpCas9,240,1.328125,0.125,CGG,SpCas9
CGG_SpCas9,260,1.421875,0.125,CGG,SpCas9
CGG_SpCas9,280,1.53125,0.125,CGG,SpCas9
CGG_SpCas9,300,1.671875,0.171875,CGG,SpCas9
CGG_SpCas9,320,1.765625,0.1875,CGG,SpCas9
CGG_SpCas9,340,1.890625,0.21875,CGG,SpCas9
CGG_SpCas9,360,2.0,0.25,CGG,SpCas9
CGG_SpCas9,380,2.125,0.28125,CGG,SpCas9
CGG_SpCas9,400,2.28125,0.390625,CGG,SpCas9
CGG_SpCas9,420,2.359375,0.40625,CGG,SpCas9
CGG_SpCas9,440,2.53125,0.46875,CGG,SpCas9
CGG_SpCas9,460,2.703125,0.53125,CGG,SpCas9
CGG_SpCas9,480,2.84375,0.6875,CGG,SpCas9
CGG_SpCas9,500,3.25,0.78125,CGG,SpCas9
CGG_SpCas9,520,3.484375,0.859375,CGG,SpCas9
CGG_SpCas9,540,3.625,1.015625,CGG,SpCas9
CGG_SpCas9,560,3.96875,1.171875,CGG,SpCas9
CGG_SpCas9,580,4.234375,1.296875,CGG,SpCas9
CGG_SpCas9,600,4.6875,1.59375,CGG,SpCas9
CGG_SpCas9,620,5.03125,1.828125,CGG,SpCas9
CGG_SpCas9,640,5.453125,2.0625,CGG,SpCas9
CGG_SpCas9,660,5.875,2.28125,CGG,SpCas9
CGG_SpCas9,680,6.3125,2.453125,CGG,SpCas9
CGG_SpCas9,700,6.796875,2.859375,CGG,SpCas9
CGG_SpCas9,720,7.4375,3.171875,CGG,SpCas9
CGG_SpCas9,740,8.234375,3.59375,CGG,SpCas9
CGG_SpCas9,760,8.78125,4.046875,CGG,SpCas9
CGG_SpCas9,780,9.28125,4.375,CGG,SpCas9
CGG_SpCas9,800,10.21875,4.96875,CGG,SpCas9
CGG_SpCas9,820,11.03125,5.71875,CGG,SpCas9
CGG_SpCas9,840,11.828125,6.34375,CGG,SpCas9
CGG_SpCas9,860,12.875,7.28125,CGG,SpCas9
CGG_SpCas9,880,14.109375,8.203125,CGG,SpCas9
CGG_SpCas9,900,15.078125,9.03125,CGG,SpCas9
CGG_SpCas9,920,16.3125,9.859375,CGG,SpCas9
CGG_SpCas9,940,17.6875,11.34375,CGG,SpCas9
CGG_SpCas9,960,19.09375,11.71875,CGG,SpCas9
CGG_SpCas9,980,20.46875,13.375,CGG,SpCas9
CGG_SpCas9,1000,22.453125,14.8125,CGG,SpCas9
CGG_SpCas9,1020,23.765625,16.171875,CGG,SpCas9
CGG_SpCas9,1040,25.25,17.328125,CGG,SpCas9
CGG_SpCas9,1060,27.25,18.96875,CGG,SpCas9
CGG_SpCas9,1080,29.03125,20.875,CGG,SpCas9
CGG_SpCas9,1100,31.0625,23.328125,CGG,SpCas9
CGG_SpCas9,1120,33.203125,25.328125,CGG,SpCas9
CGG_SpCas9,1140,35.328125,26.984375,CGG,SpCas9
CGG_SpCas9,1160,38.015625,29.296875,CGG,SpCas9
CGG_SpCas9,1180,40.28125,31.546875,CGG,SpCas9
CGG_SpCas9,1200,42.5,33.71875,CGG,SpCas9
CGG_SpCas9,1220,43.875,35.28125,CGG,SpCas9
CGG_SpCas9,1240,46.953125,38.140625,CGG,SpCas9
CGG_SpCas9,1260,49.265625,40.9375,CGG,SpCas9
CGG_SpCas9,1280,51.78125,43.828125,CGG,SpCas9
CGG_SpCas9,1300,55.4375,47.671875,CGG,SpCas9
CGG_SpCas9,1320,59.03125,50.921875,CGG,SpCas9
CGG_SpCas9,1340,61.75,53.109375,CGG,SpCas9
CGG_SpCas9,1360,65.0,56.5625,CGG,SpCas9
CGG_SpCas9,1380,68.515625,60.015625,CGG,SpCas9
CGG_SpCas9,1400,72.109375,63.125,CGG,SpCas9
CGG_SpCas9,1420,75.421875,66.5625,CGG,SpCas9
CGG_SpCas9,1440,79.546875,70.65625,CGG,SpCas9
CGG_Cpf1,0,1.0,0.0,CGG,Cpf1
CGG_Cpf1,20,1.0,0.0,CGG,Cpf1
CGG_Cpf1,40,1.0,0.0,CGG,Cpf1
CGG_Cpf1,60,1.0,0.0,CGG,Cpf1
CGG_Cpf1,80,1.019047619047619,0.0,CGG,Cpf1
CGG_Cpf1,100,1.0095238095238095,0.0,CGG,Cpf1
CGG_Cpf1,120,1.0095238095238095,0.0,CGG,Cpf1
CGG_Cpf1,140,1.019047619047619,0.0,CGG,Cpf1
CGG_Cpf1,160,1.0380952380952382,0.0,CGG,Cpf1
CGG_Cpf1,180,1.0761904761904761,0.0,CGG,Cpf1
CGG_Cpf1,200,1.0857142857142856,0.0,CGG,Cpf1
CGG_Cpf1,220,1.0857142857142856,0.0,CGG,Cpf1
CGG_Cpf1,240,1.1238095238095238,0.0,CGG,Cpf1
CGG_Cpf1,260,1.1428571428571428,0.0,CGG,Cpf1
CGG_Cpf1,280,1.180952380952381,0.0,CGG,Cpf1
CGG_Cpf1,300,1.2380952380952381,0.0,CGG,Cpf1
CGG_Cpf1,320,1.276190476190476,0.0,CGG,Cpf1
CGG_Cpf1,340,1.3047619047619048,0.0,CGG,Cpf1
CGG_Cpf1,360,1.3904761904761904,0.0,CGG,Cpf1
CGG_Cpf1,380,1.4476190476190476,0.0,CGG,Cpf1
CGG_Cpf1,400,1.5047619047619047,0.0,CGG,Cpf1
CGG_Cpf1,420,1.5714285714285714,0.0,CGG,Cpf1
CGG_Cpf1,440,1.7047619047619047,0.0,CGG,Cpf1
CGG_Cpf1,460,1.8095238095238095,0.0,CGG,Cpf1
CGG_Cpf1,480,1.838095238095238,0.0,CGG,Cpf1
CGG_Cpf1,500,1.9619047619047618,0.0,CGG,Cpf1
CGG_Cpf1,520,2.057142857142857,0.0,CGG,Cpf1
CGG_Cpf1,540,2.219047619047619,0.0,CGG,Cpf1
CGG_Cpf1,560,2.361904761904762,0.0,CGG,Cpf1
CGG_Cpf1,580,2.447619047619048,0.0,CGG,Cpf1
CGG_Cpf1,600,2.676190476190476,0.0,CGG,Cpf1
CGG_Cpf1,620,2.761904761904762,0.0,CGG,Cpf1
CGG_Cpf1,640,2.9047619047619047,0.0,CGG,Cpf1
CGG_Cpf1,660,3.1333333333333333,0.0,CGG,Cpf1
CGG_Cpf1,680,3.3714285714285714,0.0,CGG,Cpf1
CGG_Cpf1,700,3.552380952380952,0.0,CGG,Cpf1
CGG_Cpf1,720,3.8190476190476192,0.0,CGG,Cpf1
CGG_Cpf1,740,4.038095238095238,0.0,CGG,Cpf1
CGG_Cpf1,760,4.3428571428571425,0.0,CGG,Cpf1
CGG_Cpf1,780,4.485714285714286,0.0,CGG,Cpf1
CGG_Cpf1,800,4.8,0.0,CGG,Cpf1
CGG_Cpf1,820,5.152380952380953,0.0,CGG,Cpf1
CGG_Cpf1,840,5.6,0.0,CGG,Cpf1
CGG_Cpf1,860,5.933333333333334,0.0,CGG,Cpf1
CGG_Cpf1,880,6.238095238095238,0.0,CGG,Cpf1
CGG_Cpf1,900,6.695238095238095,0.0,CGG,Cpf1
CGG_Cpf1,920,7.0095238095238095,0.0,CGG,Cpf1
CGG_Cpf1,940,7.457142857142857,0.0,CGG,Cpf1
CGG_Cpf1,960,8.00952380952381,0.0,CGG,Cpf1
CGG_Cpf1,980,8.60952380952381,0.0,CGG,Cpf1
CGG_Cpf1,1000,9.19047619047619,0.0,CGG,Cpf1
CGG_Cpf1,1020,9.961904761904762,0.0,CGG,Cpf1
CGG_Cpf1,1040,10.628571428571428,0.0,CGG,Cpf1
CGG_Cpf1,1060,11.742857142857142,0.0,CGG,Cpf1
CGG_Cpf1,1080,12.552380952380952,0.0,CGG,Cpf1
CGG_Cpf1,1100,13.533333333333333,0.0,CGG,Cpf1
CGG_Cpf1,1120,14.4,0.0,CGG,Cpf1
CGG_Cpf1,1140,15.428571428571429,0.0,CGG,Cpf1
CGG_Cpf1,1160,16.63809523809524,0.0,CGG,Cpf1
CGG_Cpf1,1180,17.8,0.0,CGG,Cpf1
CGG_Cpf1,1200,19.104761904761904,0.0,CGG,Cpf1
CGG_Cpf1,1220,20.257142857142856,0.0,CGG,Cpf1
CGG_Cpf1,1240,21.276190476190475,0.0,CGG,Cpf1
CGG_Cpf1,1260,22.504761904761907,0.0,CGG,Cpf1
CGG_Cpf1,1280,23.961904761904762,0.0,CGG,Cpf1
CGG_Cpf1,1300,26.02857142857143,0.0,CGG,Cpf1
CGG_Cpf1,1320,27.61904761904762,0.0,CGG,Cpf1
CGG_Cpf1,1340,29.419047619047618,0.0,CGG,Cpf1
CGG_Cpf1,1360,31.34285714285714,0.0,CGG,Cpf1
CGG_Cpf1,1380,33.27619047619048,0.0,CGG,Cpf1
CGG_Cpf1,1400,35.00952380952381,0.0,CGG,Cpf1
CGG_Cpf1,1420,37.34285714285714,0.009523809523809525,CGG,Cpf1
CGG_Cpf1,1440,39.27619047619048,0.009523809523809525,CGG,Cpf1
CTG_SpCas9,0,1.0,0.0,CTG,SpCas9
CTG_SpCas9,20,1.0,0.0,CTG,SpCas9
CTG_SpCas9,40,1.0,0.0,CTG,SpCas9
CTG_SpCas9,60,1.0,0.0,CTG,SpCas9
CTG_SpCas9,80,1.0119047619047619,0.0,CTG,SpCas9
CTG_SpCas9,100,1.0238095238095237,0.0,CTG,SpCas9
CTG_SpCas9,120,1.0595238095238095,0.0,CTG,SpCas9
CTG_SpCas9,140,1.119047619047619,0.0,CTG,SpCas9
CTG_SpCas9,160,1.1547619047619047,0.0,CTG,SpCas9
CTG_SpCas9,180,1.1904761904761905,0.0,CTG,SpCas9
CTG_SpCas9,200,1.25,0.0,CTG,SpCas9
CTG_SpCas9,220,1.3333333333333333,0.0,CTG,SpCas9
CTG_SpCas9,240,1.380952380952381,0.0,CTG,SpCas9
CTG_SpCas9,260,1.4523809523809523,0.011904761904761904,CTG,SpCas9
CTG_SpCas9,280,1.5476190476190477,0.023809523809523808,CTG,SpCas9
CTG_SpCas9,300,1.630952380952381,0.023809523809523808,CTG,SpCas9
CTG_SpCas9,320,1.6904761904761905,0.03571428571428571,CTG,SpCas9
CTG_SpCas9,340,1.8452380952380953,0.047619047619047616,CTG,SpCas9
CTG_SpCas9,360,1.9404761904761905,0.07142857142857142,CTG,SpCas9
CTG_SpCas9,380,2.0357142857142856,0.08333333333333333,CTG,SpCas9
CTG_SpCas9,400,2.2023809523809526,0.09523809523809523,CTG,SpCas9
CTG_SpCas9,420,2.2976190476190474,0.14285714285714285,CTG,SpCas9
CTG_SpCas9,440,2.369047619047619,0.17857142857142858,CTG,SpCas9
CTG_SpCas9,460,2.4404761904761907,0.21428571428571427,CTG,SpCas9
CTG_SpCas9,480,2.5357142857142856,0.2619047619047619,CTG,SpCas9
CTG_SpCas9,500,2.6785714285714284,0.3333333333333333,CTG,SpCas9
CTG_SpCas9,520,2.857142857142857,0.40476190476190477,CTG,SpCas9
CTG_SpCas9,540,3.0,0.5357142857142857,CTG,SpCas9
CTG_SpCas9,560,3.2023809523809526,0.6666666666666666,CTG,SpCas9
CTG_SpCas9,580,3.4761904761904763,0.7857142857142857,CTG,SpCas9
CTG_SpCas9,600,3.607142857142857,0.8928571428571429,CTG,SpCas9
CTG_SpCas9,620,3.7857142857142856,0.9880952380952381,CTG,SpCas9
CTG_SpCas9,640,3.9761904761904763,1.0714285714285714,CTG,SpCas9
CTG_SpCas9,660,4.190476190476191,1.1666666666666667,CTG,SpCas9
CTG_SpCas9,680,4.404761904761905,1.3095238095238095,CTG,SpCas9
CTG_SpCas9,700,4.595238095238095,1.4642857142857142,CTG,SpCas9
CTG_SpCas9,720,4.892857142857143,1.619047619047619,CTG,SpCas9
CTG_SpCas9,740,5.238095238095238,1.8095238095238095,CTG,SpCas9
CTG_SpCas9,760,5.726190476190476,2.0357142857142856,CTG,SpCas9
CTG_SpCas9,780,6.238095238095238,2.1904761904761907,CTG,SpCas9
CTG_SpCas9,800,6.559523809523809,2.3333333333333335,CTG,SpCas9
CTG_SpCas9,820,6.833333333333333,2.607142857142857,CTG,SpCas9
CTG_SpCas9,840,7.226190476190476,2.7976190476190474,CTG,SpCas9
CTG_SpCas9,860,7.690476190476191,3.119047619047619,CTG,SpCas9
CTG_SpCas9,880,8.047619047619047,3.392857142857143,CTG,SpCas9
CTG_SpCas9,900,8.630952380952381,3.607142857142857,CTG,SpCas9
CTG_SpCas9,920,9.071428571428571,3.892857142857143,CTG,SpCas9
CTG_SpCas9,940,9.428571428571429,4.035714285714286,CTG,SpCas9
CTG_SpCas9,960,9.833333333333334,4.345238095238095,CTG,SpCas9
CTG_SpCas9,980,10.095238095238095,4.488095238095238,CTG,SpCas9
CTG_SpCas9,1000,10.535714285714286,4.678571428571429,CTG,SpCas9
CTG_SpCas9,1020,11.0,4.904761904761905,CTG,SpCas9
CTG_SpCas9,1040,11.416666666666666,5.166666666666667,CTG,SpCas9
CTG_SpCas9,1060,11.80952380952381,5.404761904761905,CTG,SpCas9
CTG_SpCas9,1080,12.476190476190476,5.714285714285714,CTG,SpCas9
CTG_SpCas9,1100,13.0,6.011904761904762,CTG,SpCas9
CTG_SpCas9,1120,13.571428571428571,6.214285714285714,CTG,SpCas9
CTG_SpCas9,1140,14.119047619047619,6.583333333333333,CTG,SpCas9
CTG_SpCas9,1160,14.714285714285714,6.976190476190476,CTG,SpCas9
CTG_SpCas9,1180,15.25,7.2976190476190474,CTG,SpCas9
CTG_SpCas9,1200,15.702380952380953,7.523809523809524,CTG,SpCas9
CTG_SpCas9,1220,16.321428571428573,7.976190476190476,CTG,SpCas9
CTG_SpCas9,1240,16.964285714285715,8.380952380952381,CTG,SpCas9
CTG_SpCas9,1260,17.678571428571427,8.773809523809524,CTG,SpCas9
CTG_SpCas9,1280,18.464285714285715,9.321428571428571,CTG,SpCas9
CTG_SpCas9,1300,18.964285714285715,9.583333333333334,CTG,SpCas9
CTG_SpCas9,1320,19.428571428571427,9.785714285714286,CTG,SpCas9
CTG_SpCas9,1340,20.226190476190474,10.261904761904763,CTG,SpCas9
CTG_SpCas9,1360,20.75,10.583333333333334,CTG,SpCas9
CTG_SpCas9,1380,21.416666666666668,11.05952380952381,CTG,SpCas9
CTG_SpCas9,1400,22.36904761904762,11.547619047619047,CTG,SpCas9
CTG_SpCas9,1420,23.19047619047619,12.119047619047619,CTG,SpCas9
CTG_Cpf1,0,1.0,0.0,CTG,Cpf1
CTG_Cpf1,20,1.0,0.0,CTG,Cpf1
CTG_Cpf1,40,1.0127388535031847,0.0,CTG,Cpf1
CTG_Cpf1,60,1.0254777070063694,0.0,CTG,Cpf1
CTG_Cpf1,80,1.0445859872611465,0.0,CTG,Cpf1
CTG_Cpf1,100,1.089171974522293,0.0,CTG,Cpf1
CTG_Cpf1,120,1.1019108280254777,0.0,CTG,Cpf1
CTG_Cpf1,140,1.1592356687898089,0.0,CTG,Cpf1
CTG_Cpf1,160,1.1847133757961783,0.0,CTG,Cpf1
CTG_Cpf1,180,1.2229299363057324,0.0,CTG,Cpf1
CTG_Cpf1,200,1.2802547770700636,0.0,CTG,Cpf1
CTG_Cpf1,220,1.3375796178343948,0.0,CTG,Cpf1
CTG_Cpf1,240,1.4012738853503184,0.0,CTG,Cpf1
CTG_Cpf1,260,1.5031847133757963,0.0,CTG,Cpf1
CTG_Cpf1,280,1.5605095541401275,0.0,CTG,Cpf1
CTG_Cpf1,300,1.6496815286624205,0.0,CTG,Cpf1
CTG_Cpf1,320,1.7770700636942676,0.0,CTG,Cpf1
CTG_Cpf1,340,1.8789808917197452,0.0,CTG,Cpf1
CTG_Cpf1,360,2.0191082802547773,0.0,CTG,Cpf1
CTG_Cpf1,380,2.1019108280254777,0.0,CTG,Cpf1
CTG_Cpf1,400,2.2038216560509554,0.0,CTG,Cpf1
CTG_Cpf1,420,2.3821656050955413,0.0,CTG,Cpf1
CTG_Cpf1,440,2.5477707006369426,0.0,CTG,Cpf1
CTG_Cpf1,460,2.6815286624203822,0.0,CTG,Cpf1
CTG_Cpf1,480,2.9363057324840764,0.006369426751592357,CTG,Cpf1
CTG_Cpf1,500,3.1082802547770703,0.006369426751592357,CTG,Cpf1
CTG_Cpf1,520,3.305732484076433,0.006369426751592357,CTG,Cpf1
CTG_Cpf1,540,3.515923566878981,0.006369426751592357,CTG,Cpf1
CTG_Cpf1,560,3.828025477707006,0.012738853503184714,CTG,Cpf1
CTG_Cpf1,580,4.165605095541402,0.01910828025477707,CTG,Cpf1
CTG_Cpf1,600,4.503184713375796,0.01910828025477707,CTG,Cpf1
CTG_Cpf1,620,4.777070063694268,0.01910828025477707,CTG,Cpf1
CTG_Cpf1,640,5.191082802547771,0.03184713375796178,CTG,Cpf1
CTG_Cpf1,660,5.560509554140127,0.03184713375796178,CTG,Cpf1
CTG_Cpf1,680,5.929936305732484,0.03184713375796178,CTG,Cpf1
CTG_Cpf1,700,6.369426751592357,0.03184713375796178,CTG,Cpf1
CTG_Cpf1,720,6.86624203821656,0.050955414012738856,CTG,Cpf1
CTG_Cpf1,740,7.280254777070064,0.05732484076433121,CTG,Cpf1
CTG_Cpf1,760,7.968152866242038,0.07643312101910828,CTG,Cpf1
CTG_Cpf1,780,8.528662420382165,0.09554140127388536,CTG,Cpf1
CTG_Cpf1,800,9.445859872611464,0.10191082802547771,CTG,Cpf1
CTG_Cpf1,820,10.210191082802547,0.1464968152866242,CTG,Cpf1
CTG_Cpf1,840,10.885350318471337,0.1592356687898089,CTG,Cpf1
CTG_Cpf1,860,11.80891719745223,0.18471337579617833,CTG,Cpf1
CTG_Cpf1,880,12.726114649681529,0.22929936305732485,CTG,Cpf1
CTG_Cpf1,900,13.662420382165605,0.27388535031847133,CTG,Cpf1
CTG_Cpf1,920,14.802547770700636,0.29936305732484075,CTG,Cpf1
CTG_Cpf1,940,15.968152866242038,0.35668789808917195,CTG,Cpf1
CTG_Cpf1,960,17.26751592356688,0.4394904458598726,CTG,Cpf1
CTG_Cpf1,980,18.73248407643312,0.5286624203821656,CTG,Cpf1
CTG_Cpf1,1000,20.43312101910828,0.5796178343949044,CTG,Cpf1
CTG_Cpf1,1020,22.11464968152866,0.6305732484076433,CTG,Cpf1
CTG_Cpf1,1040,24.127388535031848,0.7515923566878981,CTG,Cpf1
CTG_Cpf1,1060,26.03184713375796,0.9363057324840764,CTG,Cpf1
CTG_Cpf1,1080,27.853503184713375,1.0063694267515924,CTG,Cpf1
CTG_Cpf1,1100,30.191082802547772,1.267515923566879,CTG,Cpf1
CTG_Cpf1,1120,32.961783439490446,1.4585987261146496,CTG,Cpf1
CTG_Cpf1,1140,35.6687898089172,1.7261146496815287,CTG,Cpf1
CTG_Cpf1,1160,38.503184713375795,2.0764331210191083,CTG,Cpf1
CTG_Cpf1,1180,41.59872611464968,2.356687898089172,CTG,Cpf1
CTG_Cpf1,1200,44.63694267515923,2.6178343949044587,CTG,Cpf1
CTG_Cpf1,1220,48.388535031847134,3.0191082802547773,CTG,Cpf1
CTG_Cpf1,1240,52.554140127388536,3.4522292993630574,CTG,Cpf1
CTG_Cpf1,1260,56.32484076433121,3.961783439490446,CTG,Cpf1
CTG_Cpf1,1280,60.87261146496815,4.6369426751592355,CTG,Cpf1
CTG_Cpf1,1300,65.4267515923567,5.159235668789809,CTG,Cpf1
CTG_Cpf1,1320,70.19108280254777,5.955414012738854,CTG,Cpf1
CTG_Cpf1,1340,75.828025477707,6.751592356687898,CTG,Cpf1
CTG_Cpf1,1360,81.86624203821655,7.738853503184713,CTG,Cpf1
CTG_Cpf1,1380,87.62420382165605,8.878980891719745,CTG,Cpf1
CTG_Cpf1,1400,93.90445859872611,10.611464968152866,CTG,Cpf1
CTG_Cpf1,1420,100.10828025477707,11.624203821656051,CTG,Cpf1
CTG_Cpf1,1440,107.47770700636943,13.127388535031848,CTG,Cpf1
GAA_SpCas9,0,1.0,0.0,GAA,SpCas9
GAA_SpCas9,20,1.0,0.0,GAA,SpCas9
GAA_SpCas9,40,1.0222222222222221,0.0,GAA,SpCas9
GAA_SpCas9,60,1.0222222222222221,0.0,GAA,SpCas9
GAA_SpCas9,80,1.0333333333333334,0.0,GAA,SpCas9
GAA_SpCas9,100,1.0555555555555556,0.0,GAA,SpCas9
GAA_SpCas9,120,1.0666666666666667,0.0,GAA,SpCas9
GAA_SpCas9,140,1.1,0.0,GAA,SpCas9
GAA_SpCas9,160,1.1222222222222222,0.0,GAA,SpCas9
GAA_SpCas9,180,1.1555555555555554,0.0,GAA,SpCas9
GAA_SpCas9,200,1.2,0.0,GAA,SpCas9
GAA_SpCas9,220,1.2777777777777777,0.011111111111111112,GAA,SpCas9
GAA_SpCas9,240,1.3333333333333333,0.011111111111111112,GAA,SpCas9
GAA_SpCas9,260,1.4222222222222223,0.022222222222222223,GAA,SpCas9
GAA_SpCas9,280,1.511111111111111,0.03333333333333333,GAA,SpCas9
GAA_SpCas9,300,1.5555555555555556,0.05555555555555555,GAA,SpCas9
GAA_SpCas9,320,1.6333333333333333,0.07777777777777778,GAA,SpCas9
GAA_SpCas9,340,1.6777777777777778,0.1,GAA,SpCas9
GAA_SpCas9,360,1.7777777777777777,0.1111111111111111,GAA,SpCas9
GAA_SpCas9,380,1.8333333333333333,0.14444444444444443,GAA,SpCas9
GAA_SpCas9,400,1.9222222222222223,0.18888888888888888,GAA,SpCas9
GAA_SpCas9,420,2.0555555555555554,0.23333333333333334,GAA,SpCas9
GAA_SpCas9,440,2.2,0.25555555555555554,GAA,SpCas9
GAA_SpCas9,460,2.3,0.3111111111111111,GAA,SpCas9
GAA_SpCas9,480,2.4,0.4,GAA,SpCas9
GAA_SpCas9,500,2.5444444444444443,0.43333333333333335,GAA,SpCas9
GAA_SpCas9,520,2.611111111111111,0.5111111111111111,GAA,SpCas9
GAA_SpCas9,540,2.8222222222222224,0.6222222222222222,GAA,SpCas9
GAA_SpCas9,560,2.966666666666667,0.7555555555555555,GAA,SpCas9
GAA_SpCas9,580,3.1222222222222222,0.8222222222222222,GAA,SpCas9
GAA_SpCas9,600,3.2888888888888888,0.8666666666666667,GAA,SpCas9
GAA_SpCas9,620,3.4444444444444446,1.011111111111111,GAA,SpCas9
GAA_SpCas9,640,3.588888888888889,1.0777777777777777,GAA,SpCas9
GAA_SpCas9,660,3.7666666666666666,1.1888888888888889,GAA,SpCas9
GAA_SpCas9,680,3.988888888888889,1.288888888888889,GAA,SpCas9
GAA_SpCas9,700,4.211111111111111,1.4222222222222223,GAA,SpCas9
GAA_SpCas9,720,4.4222222222222225,1.5222222222222221,GAA,SpCas9
GAA_SpCas9,740,4.522222222222222,1.6333333333333333,GAA,SpCas9
GAA_SpCas9,760,4.622222222222222,1.7,GAA,SpCas9
GAA_SpCas9,780,4.844444444444444,1.7444444444444445,GAA,SpCas9
GAA_SpCas9,800,5.055555555555555,1.8666666666666667,GAA,SpCas9
GAA_SpCas9,820,5.188888888888889,1.9777777777777779,GAA,SpCas9
GAA_SpCas9,840,5.288888888888889,2.0444444444444443,GAA,SpCas9
GAA_SpCas9,860,5.522222222222222,2.1333333333333333,GAA,SpCas9
GAA_SpCas9,880,5.666666666666667,2.2111111111111112,GAA,SpCas9
GAA_SpCas9,900,5.855555555555555,2.2666666666666666,GAA,SpCas9
GAA_SpCas9,920,6.044444444444444,2.4555555555555557,GAA,SpCas9
GAA_SpCas9,940,6.188888888888889,2.5444444444444443,GAA,SpCas9
GAA_SpCas9,960,6.288888888888889,2.588888888888889,GAA,SpCas9
GAA_SpCas9,980,6.611111111111111,2.6666666666666665,GAA,SpCas9
GAA_SpCas9,1000,6.933333333333334,2.7666666666666666,GAA,SpCas9
GAA_SpCas9,1020,7.088888888888889,2.9555555555555557,GAA,SpCas9
GAA_SpCas9,1040,7.3,3.066666666666667,GAA,SpCas9
GAA_SpCas9,1060,7.522222222222222,3.1777777777777776,GAA,SpCas9
GAA_SpCas9,1080,7.788888888888889,3.3555555555555556,GAA,SpCas9
GAA_SpCas9,1100,8.022222222222222,3.5555555555555554,GAA,SpCas9
GAA_SpCas9,1120,8.277777777777779,3.7555555555555555,GAA,SpCas9
GAA_SpCas9,1140,8.566666666666666,3.8555555555555556,GAA,SpCas9
GAA_SpCas9,1160,8.777777777777779,3.988888888888889,GAA,SpCas9
GAA_SpCas9,1180,9.066666666666666,4.2,GAA,SpCas9
GAA_SpCas9,1200,9.155555555555555,4.2444444444444445,GAA,SpCas9
GAA_SpCas9,1220,9.477777777777778,4.377777777777778,GAA,SpCas9
GAA_SpCas9,1240,9.688888888888888,4.6,GAA,SpCas9
GAA_SpCas9,1260,9.911111111111111,4.722222222222222,GAA,SpCas9
GAA_SpCas9,1280,10.11111111111111,4.833333333333333,GAA,SpCas9
GAA_SpCas9,1300,10.188888888888888,4.944444444444445,GAA,SpCas9
GAA_SpCas9,1320,10.455555555555556,5.122222222222222,GAA,SpCas9
GAA_SpCas9,1340,10.666666666666666,5.288888888888889,GAA,SpCas9
GAA_SpCas9,1360,11.011111111111111,5.366666666666666,GAA,SpCas9
GAA_SpCas9,1380,11.422222222222222,5.533333333333333,GAA,SpCas9
GAA_SpCas9,1400,11.622222222222222,5.688888888888889,GAA,SpCas9
GAA_SpCas9,1420,11.966666666666667,5.888888888888889,GAA,SpCas9
GAA_Cpf1,0,1.0,0.0,GAA,Cpf1
GAA_Cpf1,20,1.0,0.0,GAA,Cpf1
GAA_Cpf1,40,1.0,0.0,GAA,Cpf1
GAA_Cpf1,60,1.0,0.0,GAA,Cpf1
GAA_Cpf1,80,1.0,0.0,GAA,Cpf1
GAA_Cpf1,100,1.0,0.0,GAA,Cpf1
GAA_Cpf1,120,1.0147058823529411,0.0,GAA,Cpf1
GAA_Cpf1,140,1.0735294117647058,0.0,GAA,Cpf1
GAA_Cpf1,160,1.088235294117647,0.0,GAA,Cpf1
GAA_Cpf1,180,1.1029411764705883,0.0,GAA,Cpf1
GAA_Cpf1,200,1.1029411764705883,0.0,GAA,Cpf1
GAA_Cpf1,220,1.1323529411764706,0.0,GAA,Cpf1
GAA_Cpf1,240,1.1764705882352942,0.0,GAA,Cpf1
GAA_Cpf1,260,1.2058823529411764,0.0,GAA,Cpf1
GAA_Cpf1,280,1.25,0.0,GAA,Cpf1
GAA_Cpf1,300,1.3088235294117647,0.0,GAA,Cpf1
GAA_Cpf1,320,1.338235294117647,0.029411764705882353,GAA,Cpf1
GAA_Cpf1,340,1.4558823529411764,0.029411764705882353,GAA,Cpf1
GAA_Cpf1,360,1.5588235294117647,0.04411764705882353,GAA,Cpf1
GAA_Cpf1,380,1.6176470588235294,0.058823529411764705,GAA,Cpf1
GAA_Cpf1,400,1.6764705882352942,0.058823529411764705,GAA,Cpf1
GAA_Cpf1,420,1.75,0.07352941176470588,GAA,Cpf1
GAA_Cpf1,440,1.8088235294117647,0.07352941176470588,GAA,Cpf1
GAA_Cpf1,460,1.8529411764705883,0.08823529411764706,GAA,Cpf1
GAA_Cpf1,480,1.9852941176470589,0.10294117647058823,GAA,Cpf1
GAA_Cpf1,500,2.073529411764706,0.14705882352941177,GAA,Cpf1
GAA_Cpf1,520,2.1911764705882355,0.14705882352941177,GAA,Cpf1
GAA_Cpf1,540,2.3529411764705883,0.22058823529411764,GAA,Cpf1
GAA_Cpf1,560,2.4705882352941178,0.23529411764705882,GAA,Cpf1
GAA_Cpf1,580,2.5588235294117645,0.25,GAA,Cpf1
GAA_Cpf1,600,2.7941176470588234,0.29411764705882354,GAA,Cpf1
GAA_Cpf1,620,3.0,0.38235294117647056,GAA,Cpf1
GAA_Cpf1,640,3.264705882352941,0.47058823529411764,GAA,Cpf1
GAA_Cpf1,660,3.6029411764705883,0.5735294117647058,GAA,Cpf1
GAA_Cpf1,680,3.7794117647058822,0.5735294117647058,GAA,Cpf1
GAA_Cpf1,700,4.0,0.7205882352941176,GAA,Cpf1
GAA_Cpf1,720,4.1911764705882355,0.8235294117647058,GAA,Cpf1
GAA_Cpf1,740,4.573529411764706,1.0147058823529411,GAA,Cpf1
GAA_Cpf1,760,4.779411764705882,1.1323529411764706,GAA,Cpf1
GAA_Cpf1,780,5.205882352941177,1.3676470588235294,GAA,Cpf1
GAA_Cpf1,800,5.617647058823529,1.5441176470588236,GAA,Cpf1
GAA_Cpf1,820,6.088235294117647,1.8529411764705883,GAA,Cpf1
GAA_Cpf1,840,6.5588235294117645,2.1176470588235294,GAA,Cpf1
GAA_Cpf1,860,7.014705882352941,2.338235294117647,GAA,Cpf1
GAA_Cpf1,880,7.455882352941177,2.4705882352941178,GAA,Cpf1
GAA_Cpf1,900,8.205882352941176,2.7794117647058822,GAA,Cpf1
GAA_Cpf1,920,9.044117647058824,3.3970588235294117,GAA,Cpf1
GAA_Cpf1,940,9.617647058823529,3.7941176470588234,GAA,Cpf1
GAA_Cpf1,960,10.294117647058824,4.367647058823529,GAA,Cpf1
GAA_Cpf1,980,11.264705882352942,4.676470588235294,GAA,Cpf1
GAA_Cpf1,1000,12.455882352941176,5.338235294117647,GAA,Cpf1
GAA_Cpf1,1020,13.014705882352942,5.720588235294118,GAA,Cpf1
GAA_Cpf1,1040,14.191176470588236,6.544117647058823,GAA,Cpf1
GAA_Cpf1,1060,15.397058823529411,7.455882352941177,GAA,Cpf1
GAA_Cpf1,1080,16.397058823529413,8.323529411764707,GAA,Cpf1
GAA_Cpf1,1100,17.397058823529413,9.088235294117647,GAA,Cpf1
GAA_Cpf1,1120,18.514705882352942,9.985294117647058,GAA,Cpf1
GAA_Cpf1,1140,19.852941176470587,11.088235294117647,GAA,Cpf1
GAA_Cpf1,1160,21.044117647058822,12.102941176470589,GAA,Cpf1
GAA_Cpf1,1180,22.397058823529413,13.117647058823529,GAA,Cpf1
GAA_Cpf1,1200,26.426470588235293,14.897058823529411,GAA,Cpf1
GAA_Cpf1,1220,28.220588235294116,16.220588235294116,GAA,Cpf1
GAA_Cpf1,1240,29.970588235294116,17.735294117647058,GAA,Cpf1
GAA_Cpf1,1260,31.75,19.33823529411765,GAA,Cpf1
GAA_Cpf1,1280,33.44117647058823,21.176470588235293,GAA,Cpf1
GAA_Cpf1,1300,35.8235294117647,23.235294117647058,GAA,Cpf1
GAA_Cpf1,1320,37.205882352941174,24.5,GAA,Cpf1
GAA_Cpf1,1340,38.9264705882353,26.58823529411765,GAA,Cpf1
GAA_Cpf1,1360,41.455882352941174,28.91176470588235,GAA,Cpf1
GAA_Cpf1,1380,43.30882352941177,30.61764705882353,GAA,Cpf1
GAA_Cpf1,1400,45.955882352941174,33.4264705882353,GAA,Cpf1
GAA_Cpf1,1420,48.588235294117645,35.838235294117645,GAA,Cpf1
GAA_Cpf1,1440,51.6764705882353,39.55882352941177,GAA,Cpf1
NR_SpCas9,0,1.005586592178771,0.0,NR,SpCas9
NR_SpCas9,20,1.0,0.0,NR,SpCas9
NR_SpCas9,40,1.011173184357542,0.0,NR,SpCas9
NR_SpCas9,60,1.0167597765363128,0.0,NR,SpCas9
NR_SpCas9,80,1.0335195530726258,0.0,NR,SpCas9
NR_SpCas9,100,1.0391061452513966,0.0,NR,SpCas9
NR_SpCas9,120,1.0391061452513966,0.0,NR,SpCas9
NR_SpCas9,140,1.0502793296089385,0.0,NR,SpCas9
NR_SpCas9,160,1.100558659217877,0.0,NR,SpCas9
NR_SpCas9,180,1.1173184357541899,0.0,NR,SpCas9
NR_SpCas9,200,1.1452513966480447,0.0,NR,SpCas9
NR_SpCas9,220,1.1787709497206704,0.0,NR,SpCas9
NR_SpCas9,240,1.2402234636871508,0.0,NR,SpCas9
NR_SpCas9,260,1.2849162011173185,0.0,NR,SpCas9
NR_SpCas9,280,1.318435754189944,0.00558659217877095,NR,SpCas9
NR_SpCas9,300,1.3463687150837989,0.00558659217877095,NR,SpCas9
NR_SpCas9,320,1.3966480446927374,0.00558659217877095,NR,SpCas9
NR_SpCas9,340,1.4860335195530727,0.00558659217877095,NR,SpCas9
NR_SpCas9,360,1.5810055865921788,0.00558659217877095,NR,SpCas9
NR_SpCas9,380,1.6592178770949721,0.00558659217877095,NR,SpCas9
NR_SpCas9,400,1.7597765363128492,0.0111731843575419,NR,SpCas9
NR_SpCas9,420,1.8547486033519553,0.01675977653631285,NR,SpCas9
NR_SpCas9,440,1.9553072625698324,0.0223463687150838,NR,SpCas9
NR_SpCas9,460,2.022346368715084,0.0335195530726257,NR,SpCas9
NR_SpCas9,480,2.106145251396648,0.061452513966480445,NR,SpCas9
NR_SpCas9,500,2.2346368715083798,0.09497206703910614,NR,SpCas9
NR_SpCas9,520,2.374301675977654,0.12849162011173185,NR,SpCas9
NR_SpCas9,540,2.5083798882681565,0.21787709497206703,NR,SpCas9
NR_SpCas9,560,2.6871508379888267,0.3016759776536313,NR,SpCas9
NR_SpCas9,580,2.9553072625698324,0.3854748603351955,NR,SpCas9
NR_SpCas9,600,3.206703910614525,0.46368715083798884,NR,SpCas9
NR_SpCas9,620,3.3966480446927374,0.553072625698324,NR,SpCas9
NR_SpCas9,640,3.6983240223463687,0.7094972067039106,NR,SpCas9
NR_SpCas9,660,3.983240223463687,0.8715083798882681,NR,SpCas9
NR_SpCas9,680,4.290502793296089,1.011173184357542,NR,SpCas9
NR_SpCas9,700,4.4804469273743015,1.1843575418994414,NR,SpCas9
NR_SpCas9,720,4.826815642458101,1.3798882681564246,NR,SpCas9
NR_SpCas9,740,5.128491620111732,1.5865921787709498,NR,SpCas9
NR_SpCas9,760,5.564245810055866,1.7877094972067038,NR,SpCas9
NR_SpCas9,780,6.083798882681564,2.111731843575419,NR,SpCas9
NR_SpCas9,800,6.648044692737431,2.340782122905028,NR,SpCas9
NR_SpCas9,820,7.111731843575419,2.7206703910614527,NR,SpCas9
NR_SpCas9,840,7.698324022346369,3.11731843575419,NR,SpCas9
NR_SpCas9,860,8.324022346368714,3.5195530726256985,NR,SpCas9
NR_SpCas9,880,9.067039106145252,4.055865921787709,NR,SpCas9
NR_SpCas9,900,9.972067039106145,4.64245810055866,NR,SpCas9
NR_SpCas9,920,10.670391061452515,5.324022346368715,NR,SpCas9
NR_SpCas9,940,11.312849162011172,5.910614525139665,NR,SpCas9
NR_SpCas9,960,12.189944134078212,6.603351955307263,NR,SpCas9
NR_SpCas9,980,13.106145251396647,7.335195530726257,NR,SpCas9
NR_SpCas9,1000,14.033519553072626,8.145251396648044,NR,SpCas9
NR_SpCas9,1020,15.329608938547485,9.279329608938548,NR,SpCas9
NR_SpCas9,1040,16.64804469273743,10.23463687150838,NR,SpCas9
NR_SpCas9,1060,17.905027932960895,11.430167597765363,NR,SpCas9
NR_SpCas9,1080,19.268156424581004,12.581005586592179,NR,SpCas9
NR_SpCas9,1100,20.6536312849162,13.938547486033519,NR,SpCas9
NR_SpCas9,1120,22.251396648044693,15.40782122905028,NR,SpCas9
NR_SpCas9,1140,23.75418994413408,16.821229050279328,NR,SpCas9
NR_SpCas9,1160,25.58100558659218,18.324022346368714,NR,SpCas9
NR_SpCas9,1180,27.58659217877095,20.30167597765363,NR,SpCas9
NR_SpCas9,1200,29.45810055865922,21.949720670391063,NR,SpCas9
NR_SpCas9,1220,31.424581005586592,23.821229050279328,NR,SpCas9
NR_SpCas9,1240,33.815642458100555,25.949720670391063,NR,SpCas9
NR_SpCas9,1260,36.30167597765363,28.28491620111732,NR,SpCas9
NR_SpCas9,1280,39.100558659217874,30.748603351955307,NR,SpCas9
NR_SpCas9,1300,41.93854748603352,33.36871508379888,NR,SpCas9
NR_SpCas9,1320,44.22346368715084,35.93854748603352,NR,SpCas9
NR_SpCas9,1340,47.02793296089386,38.56983240223464,NR,SpCas9
NR_SpCas9,1360,49.770949720670394,41.391061452513966,NR,SpCas9
NR_SpCas9,1380,52.50837988826816,44.01675977653631,NR,SpCas9
NR_SpCas9,1400,56.12290502793296,47.70949720670391,NR,SpCas9
NR_SpCas9,1420,59.41340782122905,50.81005586592179,NR,SpCas9
NR_SpCas9,1440,62.91620111731844,54.262569832402235,NR,SpCas9
NR_Cpf1,0,1.0,0.07627118644067797,NR,Cpf1
NR_Cpf1,20,1.0084745762711864,0.059322033898305086,NR,Cpf1
NR_Cpf1,40,1.0169491525423728,0.059322033898305086,NR,Cpf1
NR_Cpf1,60,1.0169491525423728,0.059322033898305086,NR,Cpf1
NR_Cpf1,80,1.0169491525423728,0.059322033898305086,NR,Cpf1
NR_Cpf1,100,1.0254237288135593,0.06779661016949153,NR,Cpf1
NR_Cpf1,120,1.0423728813559323,0.06779661016949153,NR,Cpf1
NR_Cpf1,140,1.076271186440678,0.07627118644067797,NR,Cpf1
NR_Cpf1,160,1.0932203389830508,0.07627118644067797,NR,Cpf1
NR_Cpf1,180,1.1779661016949152,0.07627118644067797,NR,Cpf1
NR_Cpf1,200,1.2118644067796611,0.09322033898305085,NR,Cpf1
NR_Cpf1,220,1.271186440677966,0.09322033898305085,NR,Cpf1
NR_Cpf1,240,1.3898305084745763,0.09322033898305085,NR,Cpf1
NR_Cpf1,260,1.4322033898305084,0.1016949152542373,NR,Cpf1
NR_Cpf1,280,1.4915254237288136,0.11864406779661017,NR,Cpf1
NR_Cpf1,300,1.61864406779661,0.13559322033898305,NR,Cpf1
NR_Cpf1,320,1.7118644067796611,0.17796610169491525,NR,Cpf1
NR_Cpf1,340,1.805084745762712,0.2288135593220339,NR,Cpf1
NR_Cpf1,360,1.9322033898305084,0.2711864406779661,NR,Cpf1
NR_Cpf1,380,2.0254237288135593,0.2966101694915254,NR,Cpf1
NR_Cpf1,400,2.2033898305084745,0.3559322033898305,NR,Cpf1
NR_Cpf1,420,2.389830508474576,0.4152542372881356,NR,Cpf1
NR_Cpf1,440,2.5254237288135593,0.5,NR,Cpf1
NR_Cpf1,460,2.7203389830508473,0.5677966101694916,NR,Cpf1
NR_Cpf1,480,2.9152542372881354,0.6949152542372882,NR,Cpf1
NR_Cpf1,500,3.016949152542373,0.788135593220339,NR,Cpf1
NR_Cpf1,520,3.2796610169491527,0.923728813559322,NR,Cpf1
NR_Cpf1,540,3.593220338983051,1.1440677966101696,NR,Cpf1
NR_Cpf1,560,3.847457627118644,1.305084745762712,NR,Cpf1
NR_Cpf1,580,4.228813559322034,1.5,NR,Cpf1
NR_Cpf1,600,4.508474576271187,1.7542372881355932,NR,Cpf1
NR_Cpf1,620,4.864406779661017,2.0508474576271185,NR,Cpf1
NR_Cpf1,640,5.262711864406779,2.3389830508474576,NR,Cpf1
NR_Cpf1,660,5.677966101694915,2.652542372881356,NR,Cpf1
NR_Cpf1,680,6.11864406779661,3.016949152542373,NR,Cpf1
NR_Cpf1,700,6.61864406779661,3.4152542372881354,NR,Cpf1
NR_Cpf1,720,7.1525423728813555,3.7288135593220337,NR,Cpf1
NR_Cpf1,740,7.940677966101695,4.211864406779661,NR,Cpf1
NR_Cpf1,760,8.576271186440678,4.762711864406779,NR,Cpf1
NR_Cpf1,780,9.186440677966102,5.322033898305085,NR,Cpf1
NR_Cpf1,800,10.084745762711865,6.0,NR,Cpf1
NR_Cpf1,820,10.76271186440678,6.6525423728813555,NR,Cpf1
NR_Cpf1,840,11.635593220338983,7.466101694915254,NR,Cpf1
NR_Cpf1,860,12.610169491525424,8.38135593220339,NR,Cpf1
NR_Cpf1,880,13.661016949152541,9.271186440677965,NR,Cpf1
NR_Cpf1,900,14.73728813559322,10.203389830508474,NR,Cpf1
NR_Cpf1,920,15.584745762711865,10.932203389830509,NR,Cpf1
NR_Cpf1,940,17.0,12.11864406779661,NR,Cpf1
NR_Cpf1,960,18.533898305084747,13.491525423728813,NR,Cpf1
NR_Cpf1,980,20.296610169491526,15.127118644067796,NR,Cpf1
NR_Cpf1,1000,22.406779661016948,16.89830508474576,NR,Cpf1
NR_Cpf1,1020,24.04237288135593,18.296610169491526,NR,Cpf1
NR_Cpf1,1040,25.864406779661017,20.084745762711865,NR,Cpf1
NR_Cpf1,1060,28.02542372881356,22.059322033898304,NR,Cpf1
NR_Cpf1,1080,30.33050847457627,24.35593220338983,NR,Cpf1
NR_Cpf1,1100,32.74576271186441,26.54237288135593,NR,Cpf1
NR_Cpf1,1120,35.83050847457627,29.372881355932204,NR,Cpf1
NR_Cpf1,1140,38.25423728813559,31.822033898305083,NR,Cpf1
NR_Cpf1,1160,41.610169491525426,34.78813559322034,NR,Cpf1
NR_Cpf1,1180,44.55084745762712,37.45762711864407,NR,Cpf1
NR_Cpf1,1200,47.63559322033898,40.559322033898304,NR,Cpf1
NR_Cpf1,1220,51.13559322033898,43.940677966101696,NR,Cpf1
NR_Cpf1,1240,54.74576271186441,47.29661016949152,NR,Cpf1
NR_Cpf1,1260,58.652542372881356,50.96610169491525,NR,Cpf1
NR_Cpf1,1280,62.720338983050844,54.96610169491525,NR,Cpf1
NR_Cpf1,1300,66.83050847457628,58.898305084745765,NR,Cpf1
NR_Cpf1,1320,70.7542372881356,62.940677966101696,NR,Cpf1
NR_Cpf1,1340,76.0,68.11864406779661,NR,Cpf1
NR_Cpf1,1360,80.39830508474576,72.35593220338983,NR,Cpf1
NR_Cpf1,1380,85.16949152542372,77.15254237288136,NR,Cpf1
NR_Cpf1,1400,90.44067796610169,82.35593220338983,NR,Cpf1
NR_Cpf1,1420,96.58474576271186,88.32203389830508,NR,Cpf1
NR_Cpf1,1440,102.66949152542372,94.61864406779661,NR,Cpf1
